rawName,normalizedName,occurrences,unitExamples,resolutionStatus,chosenWeaponId,chosenWeaponName,chosenTechBase,candidateWeaponIds,suggestion
ER Medium Laser,ermediumlaser,2317,Black Hawk E; Black Hawk F; Black Hawk Prime; Black Knight BL-6-RR; Caesar CES-4R; Cataphract CTF-3LL; Cataphract CTF-5D; Catapult CPLT-K2K,ambiguous,,,,is_er_medium_laser; clan_er_medium_laser,
Medium Laser,mediumlaser,1616,Archer ARC-2R; Archer ARC-2S; Archer ARC-2W; Assassin ASN-101; Assassin ASN-21; Atlas AS7-D-DC; Atlas AS7-D; Banshee BNC-3M,matched,is_medium_laser,Medium Laser,Inner Sphere,is_medium_laser,
Medium Pulse Laser,mediumpulselaser,1186,Annihilator ANH-2A; Atlas AS7-C; Atlas AS7-CM; Black Hawk A; Black Hawk S; Caesar CES-3R 'Archangel'; Caesar CES-3R; Caesar CES-3S,ambiguous,,,,is_medium_pulse_laser; clan_medium_pulse_laser,
ER Large Laser,erlargelaser,691,Lancelot LNC25-01X; Zeus ZEU-5S; Zeus ZEU-5T; Atlas AS7-C; Atlas AS7-CM; Crockett CRK-5003-1; Crockett CRK-5004-1; Daishi Prime,ambiguous,,,,is_er_large_laser; clan_er_large_laser,
ER Small Laser,ersmalllaser,681,Black Hawk B; Caesar CES-3S; Crockett CRK-5004-1; Daishi B; Daishi D; Daishi (Hohiro); Daishi W; Daishi 'Widowmaker',ambiguous,,,,is_er_small_laser; clan_er_small_laser,
ER PPC,erppc,664,Zeus ZEU-5T; Awesome AWS-9Ma; Banshee BNC-5S (Sawyer); Banshee BNC-5S (Vandergriff); Black Hawk A; Black Knight BL-6-RR; Caesar CES-3R 'Archangel'; Caesar CES-3R,ambiguous,,,,is_er_ppc; clan_er_ppc,
Machine Gun,machinegun,615,BattleMaster BLR-1D; BattleMaster BLR-1G-DC; BattleMaster BLR-1G; Bombardier BMB-10D; Catapult CPLT-K2; Cicada CDA-3C; Crusader CRD-3L; Crusader CRD-3R,matched,is_machine_gun,Machine Gun,Inner Sphere,is_machine_gun; clan_machine_gun,
SRM 6,srm6,416,Atlas AS7-D-DC; Atlas AS7-D; Banshee BNC-3S; BattleMaster BLR-1G-DC; BattleMaster BLR-1G; Catapult CPLT-C1 (Jenny) 'Butterbee'; Champion CHP-1N2; Champion CHP-2N,matched,is_srm_6,SRM 6,Inner Sphere,is_srm_6; clan_srm_6,
LRM 15,lrm15,350,Archer ARC-2K; Archer ARC-2S; Atlas AS7-RS; Awesome AWS-8R; Awesome AWS-8T; Awesome AWS-8V; BattleMaster BLR-1S; Catapult CPLT-A1,ambiguous,,,,is_lrm_15; clan_lrm_15,
Large Pulse Laser,largepulselaser,349,Axman AXM-1N; Axman AXM-2N; Black Hawk B; Daishi A; Daishi (Hohiro); Daishi 'Prometheus'; Daishi S; Daishi 'Widowmaker',matched,is_large_pulse_laser,Large Pulse Laser,Inner Sphere,is_large_pulse_laser; is_large_xpulse_laser; clan_large_pulse_laser,
Gauss Rifle,gaussrifle,318,Atlas AS7-C; Atlas AS7-CM; Banshee BNC-5S (Sawyer); Black Hawk C; Caesar CES-3R 'Archangel'; Caesar CES-3R; Caesar CES-3S; Caesar CES-4R,matched,is_gauss_rifle,Gauss Rifle,Inner Sphere,is_gauss_rifle; clan_gauss_rifle,
Small Laser,smalllaser,311,Assassin ASN-101; Awesome AWS-8Q; Awesome AWS-8R; Awesome AWS-8T; Awesome AWS-8V; Banshee BNC-3E; Banshee BNC-3M; Banshee BNC-3MC,matched,is_small_laser,Small Laser,Inner Sphere,is_small_laser,
ISMediumLaser,ismediumlaser,308,Mercury MCY-98; Annihilator ANH-1A; Atlas AS7-S; Banshee BNC-5S; Banshee BNC-8S; Black Knight BL-6b-KNT; Blackjack BJ-3; Cataphract CTF-3D,matched,is_medium_laser,Medium Laser,Inner Sphere,is_medium_laser,
Streak SRM 6,streaksrm6,288,Daishi A; Daishi D; Daishi (Hohiro); Dragonfly D; King Crab KGC-007; Koshi H; Loki Prime; Mad Cat A,matched,clan_streak_srm_6,Streak SRM 6,Clan,is_streak_srm_6; clan_streak_srm_6,
LRM 10,lrm10,278,Banshee BNC-3S (Reinesblatt); Centurion CN9-A; Centurion CN9-AH; Centurion CN9-AL; Crusader CRD-3K; Crusader CRD-3L; Cyclops CP-10-HQ; Cyclops CP-10-Q,matched,is_lrm_10,LRM 10,Inner Sphere,is_lrm_10; clan_lrm_10,
Large Laser,largelaser,263,Archer ARC-2K; Atlas AS7-RS; Awesome AWS-8R; Awesome AWS-8T; Awesome AWS-8V; Banshee BNC-3S (Reinesblatt); Black Knight BL-7-KNT-L; Black Knight BL-7-KNT,matched,is_large_laser,Large Laser,Inner Sphere,is_large_laser,
SRM 4,srm4,263,Archer ARC-2S; Archer ARC-2W; Atlas AS7-RS; Bombardier BMB-10D; Cataphract CTF-2X; Commando COM-2D; Crusader CRD-3D; Crusader CRD-3L,matched,is_srm_4,SRM 4,Inner Sphere,is_srm_4; clan_srm_4,
Small Pulse Laser,smallpulselaser,263,Awesome AWS-9Q (Klatt); Black Hawk C; Catapult CPLT-C4C; Dragonfly B; Dragonfly H; Fenris B; Gladiator D; Mad Cat B,matched,is_small_pulse_laser,Small Pulse Laser,Inner Sphere,is_small_pulse_laser; clan_small_pulse_laser,
ISERMediumLaser,isermediumlaser,249,Annihilator ANH-3A; Assassin ASN-30; Banshee BNC-7S; Banshee BNC-8S; Black Knight BL-12-KNT; Blackjack BJ-4; Caesar CES-3R (Gertrude); Caesar CES-4S,matched,is_er_medium_laser,ER Medium Laser,Inner Sphere,is_er_medium_laser; clan_er_medium_laser,
LRM 20,lrm20,245,Archer ARC-2R; Archer ARC-2W; Atlas AS7-D-DC; Atlas AS7-D; Bombardier BMB-10D; Catapult CPLT-C4; Charger CGR-1A9; Highlander HGN-733,matched,clan_lrm_20,LRM 20,Clan,is_lrm_20; clan_lrm_20,
Flamer,flamer,243,Blackjack BJ-1X; Cicada CDA-2B; Commando COM-3A; Firestarter FS9-A; Firestarter FS9-H; Firestarter FS9-K; Flashman FLS-7K; Flea FLE-15,matched,is_flamer,Flamer,Inner Sphere,is_flamer; clan_flamer,
Light PPC,lightppc,234,Grasshopper GHR-7K 'Gravedigger'; Grasshopper GHR-7K; King Crab KGC-007; Wolfhound WLF-4W; Battle Cobra BTL-C-2OD; Black Hawk-KU BHKU-OF; Blackjack BJ2-OX; Owens OW-1F,matched,is_light_ppc,Light PPC,Inner Sphere,is_light_ppc,
LRM 5,lrm5,228,Assassin ASN-101; Assassin ASN-21; BattleMaster BLR-1S; Grasshopper GHR-5H; Griffin GRF-1S; Hornet HNT-151; Hunchback HBK-4N; Kintaro KTO-18,matched,is_lrm_5,LRM 5,Inner Sphere,is_lrm_5; clan_lrm_5,
ISMediumPulseLaser,ismediumpulselaser,171,Assassin ASN-23; Atlas AS7-K; Awesome AWS-9M; Caesar CES-4S; Cataphract CTF-3L; Catapult CPLT-K5; Centurion CN9-YLW2 'Yen Lo Wang'; Charger CGR-3K,matched,is_medium_pulse_laser,Medium Pulse Laser,Inner Sphere,is_medium_pulse_laser; clan_medium_pulse_laser,
Streak SRM 2,streaksrm2,164,Commando COM-5S; Fenris Prime; Puma D; Bandersnatch BNDR-01B; Battle Hawk BH-K305; Fireball ALM-7D; Fireball ALM-9D; Hercules HRC-LS-9000,matched,clan_streak_srm_2,Streak SRM 2,Clan,is_streak_srm_2; clan_streak_srm_2,
PPC,ppc,159,Awesome AWS-8Q; Awesome AWS-8V; Banshee BNC-3E; Banshee BNC-3M; Banshee BNC-3MC; Banshee BNC-3S; BattleMaster BLR-1D; BattleMaster BLR-1G-DC,matched,is_ppc,PPC,Inner Sphere,is_ppc,
Heavy Medium Laser,heavymediumlaser,153,Black Hawk H; Dasher K; Dragonfly G; Dragonfly H; Dragonfly I; Fenris H; Gladiator E; Gladiator P,matched,clan_heavy_medium_laser,Heavy Medium Laser,Clan,clan_heavy_medium_laser,
Improved Heavy Medium Laser,improvedheavymediumlaser,151,Parash 2; Loki Mk II A; Wulfen H; Vulture Mk IV D; Balius E; Hellion G; Mad Cat Mk II 5; Malice MAL-XV,matched,clan_improved_heavy_medium_laser,Improved Heavy Medium Laser,Clan,clan_improved_heavy_medium_laser,
LB 10-X AC,lb10xac,150,Champion CHP-1N2; King Crab KGC-010; Annihilator ANH-2A; Banshee BNC-5S (Vandergriff); Cataphract CTF-3LL; Centurion CN10-B; Crockett CRK-5003-1; Crockett CRK-5004-1,matched,is_lb_10_x_ac,LB 10-X AC,Inner Sphere,is_lb_10_x_ac; clan_lb_10_x_ac,
Streak SRM 4,streaksrm4,150,Cyclops CP-11-G; Cyclops CP-12-K; Daishi S; Dasher A; Koshi Prime; Uller Prime; Uller S; Battle Hawk BH-K306,ambiguous,,,,is_streak_srm_4; clan_streak_srm_4,
AP Gauss Rifle,apgaussrifle,150,Dasher F; Dragonfly G; Fenris L; Mad Cat F; Man O' War G; Puma J; Ryoken F; Thor HH,matched,clan_ap_gauss_rifle,AP Gauss Rifle,Clan,clan_ap_gauss_rifle,
Rocket Launcher 10,rocketlauncher10,125,Firestarter FS9-C; Cossack C-1FC; Hauptmann HA1-OD; Archer ARC-6W; Goliath GOL-2H; Locust LCT-1V2; Locust LCT-5V; Marauder II MAD-4H,matched,is_rocket_launcher_10,Rocket Launcher 10,Inner Sphere,is_rocket_launcher_10,
Snub-Nose PPC,snubnoseppc,123,Awesome AWS-10KM; Caesar CES-4R; Grasshopper GHR-7K 'Gravedigger'; Grasshopper GHR-7K; Mauler MAL-1K; Shogun SHG-2F (Trisha); Sunder SD1-OE; Bishamon BSN-5KC,matched,is_snub_nose_ppc,Snub-Nose PPC,Inner Sphere,is_snub_nose_ppc,
Heavy PPC,heavyppc,121,Awesome AWS-10KM; Caesar CES-3S; Guillotine GLT-6WB3; King Crab KGC-008B; Zeus ZEU-10WB; Avatar AV1-OH; Black Hawk-KU BHKU-OF; Black Watch BKW-9R,matched,is_heavy_ppc,Heavy PPC,Inner Sphere,is_heavy_ppc,
ER Micro Laser,ermicrolaser,118,Koshi P; Man O' War E; Behemoth 3; Pouncer E; Vixen 4; Grizzly 2; Piranha 2; Piranha 3,matched,clan_er_micro_laser,ER Micro Laser,Clan,clan_er_micro_laser,
Light Machine Gun,lightmachinegun,116,Dasher K; Wolf Trap (Tora) WFT-2; Hellhound 4; Vixen 5; Crossbow H; Marshal MHL-6MC; Men Shen MS1-OE; Wyvern IIC 2,matched,is_light_machine_gun,Light Machine Gun,Inner Sphere,is_light_machine_gun; clan_light_machine_gun,
SRM 2,srm2,113,Assassin ASN-101; Assassin ASN-21; BattleMaster BLR-1S; Dervish DV-6M; Locust LCT-1S; Sentinel STN-3K; Sentinel STN-3KA; Sentinel STN-3KB,matched,is_srm_2,SRM 2,Inner Sphere,is_srm_2; clan_srm_2,
AMS,ams,104,Black Hawk S; Daishi A; Dasher A; Dasher C; Dragonfly H; Dragonfly I; Fenris A; Fenris D,matched,is_anti_missile_system,Anti-Missile System,Inner Sphere,is_anti_missile_system,
Micro Pulse Laser,micropulselaser,103,Koshi P; Loki D; Puma E; Phantom E; Vixen 4; Piranha 3; Crimson Langur C; Goshawk II 2,matched,clan_micro_pulse_laser,Micro Pulse Laser,Clan,clan_micro_pulse_laser,
Ultra AC/10,ultraac10,102,Cyclops CP-12-K; Hatchetman HCT-5D; Man O' War H; Masakari D; Uller B; Bandersnatch BNDR-01B; Behemoth 4; Pouncer C,matched,clan_ultra_ac_10,Ultra AC/10,Clan,is_ultra_ac_10; clan_ultra_ac_10,
Plasma Rifle,plasmarifle,100,Cataphract CTF-3LL; Cataphract CTF-5D; King Crab KGC-007; Wolf Trap (Tora) WFT-2; Battle Cobra BTL-C-2OF; Raptor RTX1-OG; Buccaneer BCN-5W; Garm GRM-01A2,matched,is_plasma_rifle,Plasma Rifle,Inner Sphere,is_plasma_rifle,
TAG,tag,90,Raven RVN-3L; Anvil ANV-6M; Hitman HM-1; Komodo KIM-2; Komodo KIM-2A; Nexus II NXS2-B; Raijin II RJN-200-B; Scarabus SCB-9A,matched,is_tag,TAG,Inner Sphere,is_tag; clan_tag,
Heavy Small Laser,heavysmalllaser,82,Dasher H; Gladiator E; Koshi F; Koshi H; Loki H; Thor G; Behemoth 2; Phantom H,matched,clan_heavy_small_laser,Heavy Small Laser,Clan,clan_heavy_small_laser,
Heavy Large Laser,heavylargelaser,78,Daishi H; Gladiator H; Loki H; Mad Cat H; Man O' War H; Masakari H; Puma H; Ryoken H,matched,clan_heavy_large_laser,Heavy Large Laser,Clan,clan_heavy_large_laser,
ATM 6,atm6,77,Daishi C; Dasher E; Dragonfly E; Koshi E; Loki C; Thor E; Goshawk 4; Hellhound 5,matched,clan_atm_6,ATM 6,Clan,clan_atm_6,
Medium X-Pulse Laser,mediumxpulselaser,77,Marauder II MAD-6M; Dragon II DRG-11K; Black Hawk-KU BHKU-OG; Cuirass CDR-2BC; Hauptmann HA1-OF; Maelstrom MTR-7K; Marauder MAD-9D; Men Shen MS1-OG,matched,is_medium_xpulse_laser,Medium X-Pulse Laser,Inner Sphere,is_medium_xpulse_laser,
ISERPPC,iserppc,74,Awesome AWS-9M; Banshee BNC-5S; Banshee BNC-7S; Black Knight BL-12-KNT; Black Knight BL-6b-KNT; Caesar CES-3R (Gertrude); Cataphract CTF-3L; Cataphract CTF-4L,matched,is_er_ppc,ER PPC,Inner Sphere,is_er_ppc; clan_er_ppc,
Ultra AC/5,ultraac5,73,Zeus ZEU-5S; Black Hawk B; Daishi Prime; JagerMech JM7-D; Loki A; Loki H; Mad Cat C; Puma D,matched,is_ultra_ac_5,Ultra AC/5,Inner Sphere,is_ultra_ac_5; clan_ultra_ac_5,
MML 5,mml5,73,Trebuchet TBT-8B; Buccaneer BCN-6W; Hauptmann HA1-OE; Yeoman YMN-10-OR; Yu Huang Y-H11G; Firebee FRB-3E; Gladiator GLD-1R (Keller); Gladiator GLD-5R,matched,is_mml_5,MML 5,Inner Sphere,is_mml_5,
ISSmallLaser,issmalllaser,71,Mercury MCY-98; Awesome AWS-9Q; Banshee BNC-5S; Banshee BNC-6S; Banshee BNC-8S; Black Knight BL-6b-KNT; Bombardier BMB-05A; Champion CHP-1N,matched,is_small_laser,Small Laser,Inner Sphere,is_small_laser,
ISERLargeLaser,iserlargelaser,71,Atlas AS7-K; Atlas AS7-S2; Banshee BNC-8S; Blackjack BJ-2; Cicada CDA-3G; Clint CLNT-5U; Clint CLNT-6S; Crab CRB-45,matched,is_er_large_laser,ER Large Laser,Inner Sphere,is_er_large_laser; clan_er_large_laser,
Plasma Cannon,plasmacannon,71,Dragonfly G; Fenris L; Gladiator P; Loki D; Masakari E; Ryoken F; Thor HH; Grendel F,matched,clan_plasma_cannon,Plasma Cannon,Clan,clan_plasma_cannon,
MML 7,mml7,71,Strider SR1-OG; Arctic Fox AF1F; Barghest BGS-7S; Black Watch BKW-9R; Initiate INI-04; Viking VKG-3A; BattleAxe BKX-8D; Deva C-DVA-OA Dominus,matched,is_mml_7,MML 7,Inner Sphere,is_mml_7,
Ultra AC/2,ultraac2,65,Daishi B; Koshi D; Mauler MAL-2R; Cauldron-Born C; Fire Falcon A; Night Gyr C; Nobori-nin Prime; Great Wyrm Wyrm,matched,clan_ultra_ac_2,Ultra AC/2,Clan,is_ultra_ac_2; clan_ultra_ac_2,
Rotary AC/5,rotaryac5,65,Hatchetman HCT-6D; Hermes II HER-6D; King Crab KGC-007; Orion ON1-MD; Rakshasa MDG-2A; Emperor EMP-6D; Excalibur EXC-D1; Garm GRM-01C,matched,is_rotary_ac_5,Rotary AC/5,Inner Sphere,is_rotary_ac_5,
ISGuardianECM,isguardianecm,63,Assassin ASN-99; Atlas AS7-S2; Awesome AWS-9Q; Banshee BNC-8S; Cataphract CTF-4L; Crab CRB-30; Firefly FFL-4DA; Flea FLE-20,matched,is_guardian_ecm_suite,Guardian ECM Suite,Inner Sphere,is_guardian_ecm_suite,
LB 20-X AC,lb20xac,62,Daishi S; Hunchback HBK-6S; Loki C; Man O' War G; Thunder THR-2L; Avatar AV1-OF; Bushwacker BSW-L1; Cestus CTS-7A,matched,clan_lb_20_x_ac,LB 20-X AC,Clan,is_lb_20_x_ac; clan_lb_20_x_ac,
Heavy Machine Gun,heavymachinegun,62,Dragonfly F; Koshi G; Crossbow C; Buccaneer BCN-5W; Locust IIC 6; Phoenix Hawk L 'Fenikkusu Taka' PXH-11K; Stalking Spider II II; Stinger STG-6R,matched,clan_heavy_machine_gun,Heavy Machine Gun,Clan,is_heavy_machine_gun; clan_heavy_machine_gun,
ATM 9,atm9,60,Fenris E; Gladiator E; Mad Cat E; Masakari D; Puma E; Ryoken E; Behemoth 3; Hellhound 2,matched,clan_atm_9,ATM 9,Clan,clan_atm_9,
HAG/20,hag20,58,Black Hawk F; Gladiator K; Loki E; Man O' War M; Puma J; Ryoken G; Thor HH; Uller F,matched,clan_hyper_assault_gauss_20,Hyper-Assault Gauss 20,Clan,clan_hyper_assault_gauss_20,
ISC3SlaveUnit,isc3slaveunit,57,Banshee BNC-8S; Bombardier BMB-14K; Catapult CPLT-K4; Catapult CPLT-K5; Centurion CN9-D5; Charger CGR-C; Clint CLNT-5U; Crab CRB-C,matched,is_c3_computer_slave,C3 Computer (Slave),Inner Sphere,is_c3_computer_slave,
Anti-Missile System,antimissilesystem,56,Atlas AS7-C; Atlas AS7-CM; Black Hawk A; Dragonfly Prime; Firestarter FS9-S1; Flashman FLS-8K; Loki Prime; Penetrator PTR-4D,matched,is_anti_missile_system,Anti-Missile System,Inner Sphere,is_anti_missile_system; clan_anti_missile_system,
ATM 3,atm3,56,Dragonfly I; Uller E; Baboon 2; Goshawk 3; Jenner IIC 4; Peregrine 4; Phantom E; Snow Fox 3,matched,clan_atm_3,ATM 3,Clan,clan_atm_3,
LB 5-X AC,lb5xac,53,Black Hawk D; Lancelot LNC25-08; Loki B; Man O' War Prime; Puma B; Shogun SHG-2F (Trisha); Uller Prime; Vulture A,matched,clan_lb_5_x_ac,LB 5-X AC,Clan,is_lb_5_x_ac; clan_lb_5_x_ac,
Ultra AC/20,ultraac20,53,Daishi 'Prometheus'; Daishi W; Daishi 'Widowmaker'; Enforcer III ENF-6H; Gladiator B; Gladiator C; Gladiator H; Man O' War C,matched,is_ultra_ac_20,Ultra AC/20,Inner Sphere,is_ultra_ac_20; clan_ultra_ac_20,
Improved Heavy Large Laser,improvedheavylargelaser,53,Warwolf H; Wulfen H; Mad Cat Mk IV B; Vulture Mk IV C; Karhu G; Loki G; Mad Cat Mk II 5; Nobori-nin F,matched,clan_improved_heavy_large_laser,Improved Heavy Large Laser,Clan,clan_improved_heavy_large_laser,
ER Medium Pulse Laser,ermediumpulselaser,50,Cougar X 2; Cougar X 3; Orion C; Ares ARS-V1A Hera; Ursa URA-2C; Lupus D; Beowulf IIC IIC; Vulture G,matched,clan_medium_er_pulse_laser,Medium ER Pulse Laser,Clan,clan_medium_er_pulse_laser,
ISSRM6,issrm6,49,Atlas AS7-S; Banshee BNC-5S; Banshee BNC-7S; Champion CHP-1N; Champion CHP-3N; Crockett CRK-5003-3; Guillotine GLT-5M; Hatamoto-Chi HTM-27T,matched,is_srm_6,SRM 6,Inner Sphere,is_srm_6; clan_srm_6,
Light Gauss Rifle,lightgaussrifle,46,Orion ON1-MB; Albatross ALB-4U; Grand Crusader II GRN-D-04; Grand Titan T-IT-N11M; Tempest TMP-3M2 'Storm Tempest'; Avatar AV1-OD; Blackjack BJ2-OE; Emperor EMP-6M,matched,is_light_gauss_rifle,Light Gauss Rifle,Inner Sphere,is_light_gauss_rifle,
MML 9,mml9,44,Wolf Trap (Tora) WFT-2; Battle Cobra BTL-C-2OE; Marshal MHL-6MC; Viking VKG-3W; Eyleuka EYL-45A; Titan II TI-2P; Atlas AS8-D; Hatchetman HCT-7S,matched,is_mml_9,MML 9,Inner Sphere,is_mml_9,
ISERSmallLaser,isersmalllaser,43,Banshee BNC-8S; Bombardier BMB-14C; Clint CLNT-6S; Crab CRB-30; Exterminator EXT-5F; Flashman FLS-9B; Hermes HER-4K; Hunchback HBK-5SS,matched,is_er_small_laser,ER Small Laser,Inner Sphere,is_er_small_laser; clan_er_small_laser,
Rotary AC/2,rotaryac2,40,Hatchetman HCT-5DD; Lineholder KW1-LH8 'Linebreaker'; Templar TLR1-OB; Legionnaire LGN-1X; Wolverine WVR-8D; Wolverine WVR-9D; Deimos D; Pendragon PDG-3R,matched,is_rotary_ac_2,Rotary AC/2,Inner Sphere,is_rotary_ac_2,
ISLRM15,islrm15,38,Atlas AS7-S2; Catapult CPLT-C2; Centurion CN9-D4D; Dervish DV-8D; Guillotine GLT-6WB; Highlander HGN-738; Imp IMP-2E; Imp IMP-3E,matched,is_lrm_15,LRM 15,Inner Sphere,is_lrm_15; clan_lrm_15,
Particle Cannon,particlecannon,37,Thunderbolt TDR-5SS; Cestus CTS-6Z; Devastator DVS-3; Maelstrom MTR-6K; Merlin MLN-1A; Merlin MLN-1B; Merlin MLN-1C; Striker STC-2S,matched,is_ppc,PPC,Inner Sphere,is_ppc,
AC/2,ac2,37,Vulcan VL-2T; Commando COM-1C; Mauler MAL-1R; Jackrabbit JKR-8T; Mauler MAL-1PT5; Mauler MAL-1PT6; Mauler MAL-1X-AFFC; Mauler MAL-1Y,matched,is_autocannon_2,Autocannon/2,Inner Sphere,is_autocannon_2,
ISLRM5,islrm5,37,Assassin ASN-23; Cataphract CTF-4X; Firefly FFL-4A; Firefly FFL-4B; Firefly FFL-4C; Firefly FFL-4D; Firefly FFL-4DA; Guillotine GLT-6WB2,matched,is_lrm_5,LRM 5,Inner Sphere,is_lrm_5; clan_lrm_5,
ATM 12,atm12,37,Black Hawk E; Man O' War E; Thor E; Vulture D; Black Lanner E; Fire Falcon E; Hunchback IIC 3; Kingfisher E,matched,clan_atm_12,ATM 12,Clan,clan_atm_12,
ISImprovedC3CPU,isimprovedc3cpu,37,Bombardier BMB-14C; Champion CHP-3P; Crab CRB-30; Crab CRB-45; Crockett CRK-5005-1; Exterminator EXT-5F; Flashman FLS-9B; Flashman FLS-9C,matched,is_improved_c3_computer,Improved C3 Computer,Inner Sphere,is_improved_c3_computer,
MML 3,mml3,37,Avatar AV1-OH; Ghost GST-10; Ghost GST-11; Stinger STG-5T; Wasp WSP-8T; Phoenix Hawk L 'Fenikkusu Taka' PXH-11K; Phoenix Hawk L 'Fenikkusu Taka' PXH-11K2; Gambit GBT-1G,matched,is_mml_3,MML 3,Inner Sphere,is_mml_3,
Autocannon/10,autocannon10,36,Atlas AS7-RS; Banshee BNC-3MC; Banshee BNC-3S (Reinesblatt); Banshee BNC-3S; Cataphract CTF-2X; Centurion CN9-A; Champion CHP-2N; Crockett CRK-5003-0,matched,is_autocannon_10,Autocannon/10,Inner Sphere,is_autocannon_10,
ISPPC,isppc,36,Awesome AWS-9Q; Blackjack BJ-3; Catapult CPLT-H2; Grasshopper GHR-5N; Hatamoto-Chi HTM-27T; Hatamoto-Hi HTM-27U; Hatamoto-Hi HTM-C; Hatamoto-Hi HTM-CM,matched,is_ppc,PPC,Inner Sphere,is_ppc,
Medium Re-engineered Laser,mediumreengineeredlaser,35,Prey Seeker PY-SR10; Emperor EMP-8L; Devastator DVS-10; Nyx NX-110; Templar TLR1-OR; Shadow Hawk SHD-6D; Black Hawk R; Fire Falcon R,matched,is_medium_re-engineered_laser,Medium Re-Engineered Laser,Inner Sphere,is_medium_re-engineered_laser,
Small X-Pulse Laser,smallxpulselaser,35,Templar III TLR2-OB; Avalanche AVL-1OC; Lament LMT-3C; Lament LMT-3R; Phoenix Hawk PXH-4M; Thunderbolt TDR-7S; Crusader CRD-7D; Wolfhound WLF-6S,matched,is_small_xpulse_laser,Small X-Pulse Laser,Inner Sphere,is_small_xpulse_laser,
CLERMediumLaser,clermediumlaser,34,Annihilator C; Champion C; Hoplite C; Hellfire 2; Hellfire ; Scylla ; Bowman 2; Bowman 3,matched,clan_er_medium_laser,ER Medium Laser,Clan,clan_er_medium_laser; is_er_medium_laser,
Arrow IV,arrowiv,34,Anvil ANV-8M; Naga A; Naga B; Naga C; Naga D; Naga Prime; Thunder THR-3L; O-Bakemono OBK-M10,matched,clan_arrow_iv,Arrow IV,Clan,is_arrow_iv; clan_arrow_iv,
ISLBXAC10,islbxac10,33,Annihilator ANH-4A; Banshee BNC-6S; Banshee BNC-8S; Cataphract CTF-3D; Cataphract CTF-3L; Centurion CN9-D; Centurion CN9-D3; Champion CHP-1N,matched,is_lb_10_x_ac,LB 10-X AC,Inner Sphere,is_lb_10_x_ac,
ISLightPPC,islightppc,32,Assassin ASN-99; Charger CGR-KMZ; Crab CRB-45; Exterminator EXT-5F; Flea FLE-20; Guillotine GLT-6WB2; Katana (Crockett) CRK-5003-CJ; Spider SDR-7KC,matched,is_light_ppc,Light PPC,Inner Sphere,is_light_ppc,
MRM 10,mrm10,32,Dragon DRG-7N; Battle Cobra BTL-C-2OB; Owens OW-1E; Raptor RTX1-OE; Bishamon BSN-4K; Grigori C-GRG-OC Comminus; Panther PNT-12K2; Targe TRG-1N,matched,is_mrm_10,MRM 10,Inner Sphere,is_mrm_10,
ISLargeLaser,islargelaser,31,Black Knight BL-12-KNT; Cataphract CTF-4X; Champion CHP-3N; Crab CRB-C; Flashman FLS-C; JagerMech JM6-H; Katana (Crockett) CRK-5003-C; Katana (Crockett) CRK-5003-CM,matched,is_large_laser,Large Laser,Inner Sphere,is_large_laser,
Narc,narc,30,Loki A; Masakari B; Orion ON1-M-DC; Orion ON1-MB; Orion ON1-MD; Puma C; Raven RVN-3L; Raven RVN-3M,matched,is_narc_missile_beacon,Narc Missile Beacon,Inner Sphere,is_narc_missile_beacon,
TSEMP Cannon,tsempcannon,30,Gyrfalcon 4; Phoenix Hawk L 'Fenikkusu Taka' PXH-11K; Catapult II CPLT-L7; Mortis MS-1P; Raven II RVN-5X; Yinghuochong YHC-3Y; Black Hawk X; Ebony MEB-12,matched,tsemp_cannon,TSEMP Cannon,Inner Sphere,tsemp_cannon,
C3 Master with TAG,c3masterwithtag,29,Cyclops CP-11-C; Daimyo DMO-5K; Gunslinger GUN-2ERD; Komodo KIM-3C; Naginata NG-C3A; Naginata NG-C3B; Avatar AV1-OC; O-Bakemono OBK-M12,matched,is_c3_computer_master,C3 Computer (Master),Inner Sphere,is_c3_computer_master,
Thunderbolt 5,thunderbolt5,29,Malak C-MK-OE Eminus; Avalanche AVL-1OB; Sunder SD1-OF; Warhammer WHM-8D2; Shadow Hawk SHD-5R; Griffin IIC 9; Sentinel STN-6S; Thunderbolt TDR-12R,matched,is_thunderbolt_5,Thunderbolt 5,Inner Sphere,is_thunderbolt_5,
Laser AMS,laserams,29,Warwolf (Prime); Warwolf B; Warwolf C; Hatamoto-Godai HTM-30Z; Jackalope JLP-BD; Jackalope JLP-C; Jackalope JLP-KW 'Wolpertinger'; Jackalope JLP-KA,ambiguous,,,,is_laser_ams; clan_laser_ams,
ISSRM4,issrm4,28,Bombardier BMB-12D; Commando COM-7B; Commando COM-7S; Javelin JVN-11B; Jenner JR7-C; Orion ON1-M; Panther PNT-10K; Panther PNT-C,matched,is_srm_4,SRM 4,Inner Sphere,is_srm_4; clan_srm_4,
LB 2-X AC,lb2xac,28,Fenris A; Hankyu B; Night Gyr B; Nobori-nin A; Men Shen MS1-OB; Uziel UZL-3S; Templar TLR1-OG; Ryoken II II,matched,clan_lb_2_x_ac,LB 2-X AC,Clan,is_lb_2_x_ac; clan_lb_2_x_ac,
ISGaussRifle,isgaussrifle,27,Atlas AS7-K; Banshee BNC-5S; Banshee BNC-7S; Caesar CES-3R (Gertrude); Cataphract CTF-4L; Centurion CN9-YLW2 'Yen Lo Wang'; Highlander HGN-736; Hunchback HBK-5SG,matched,is_gauss_rifle,Gauss Rifle,Inner Sphere,is_gauss_rifle; clan_gauss_rifle,
AC/5,ac5,26,Clint CLNT-2-3T; Dragon DRG-1N; Zeus ZEU-6S; Dragon DRG-7N; Templar TLR1-O (Grayson); Marauder MAD-1R; Shadow Hawk SHD-2D2; Atlas AS7-A,matched,is_autocannon_5,Autocannon/5,Inner Sphere,is_autocannon_5,
ISStreakSRM2,isstreaksrm2,26,Atlas AS7-S; Awesome AWS-9M; Blackjack BJ-2; Commando COM-7S; Dervish DV-7D; Grasshopper GHR-5J; Grasshopper GHR-C; Javelin JVN-10P,matched,is_streak_srm_2,Streak SRM 2,Inner Sphere,is_streak_srm_2; clan_streak_srm_2,
Light AC/5,lightac5,26,Axman AXM-4D; Cataphract CTF-5D; Jackrabbit JKR-9W; Inquisitor II ITW-205; Shadow Hawk SHD-5R; BattleMaster BLR-6C; JagerMech JM7-DD; Mauler MAL-4R,matched,is_light_ac_5,Light AC/5,Inner Sphere,is_light_ac_5,
Streak LRM 5,streaklrm5,26,Morrigan 5; Ares ARS-V1C Aphrodite; Nobori-nin T; Crossbow G; Hankyu F; Hankyu T; Merlin C; Puma L,matched,clan_streak_lrm_5,Streak LRM 5,Clan,clan_streak_lrm_5,
ISHeavyPPC,isheavyppc,25,Annihilator ANH-4A; Catapult CPLT-K4; Charger CGR-KMZ; Cicada CDA-3P; Flashman FLS-9M; Guillotine GLT-6WB; King Crab KGC-008; Thug THG-13K,matched,is_heavy_ppc,Heavy PPC,Inner Sphere,is_heavy_ppc,
ER Flamer,erflamer,25,Barghest BGS-7S; Icestorm 2; Wyvern IIC 2; Templar TLR1-OH; Goshawk II 2; Cadaver CVR-T1; Huron Warrior HUR-WO-R5L; Venom SDR-9KE,ambiguous,,,,is_er_flamer; clan_er_flamer,
Autocannon/5,autocannon5,24,Banshee BNC-3E; Hermes II HER-2S; Hunchback HBK-4N; JagerMech JM6-S; Marauder MAD-3L; Marauder MAD-3M; Marauder MAD-3R; Rifleman RFL-3N,matched,is_autocannon_5,Autocannon/5,Inner Sphere,is_autocannon_5,
ISSmallPulseLaser,issmallpulselaser,24,Awesome AWS-9M; Cicada CDA-3M; Cicada CDA-3MA; Hunchback HBK-5M; Hunchback HBK-6N; UrbanMech UM-R63; UrbanMech UM-R68; UrbanMech UM-R69,matched,is_small_pulse_laser,Small Pulse Laser,Inner Sphere,is_small_pulse_laser; clan_small_pulse_laser,
ISRocketLauncher10,isrocketlauncher10,24,Charger CGR-2A2; Flea FLE-19; Vindicator VND-6L; Whitworth WTH-1H; Anubis ABS-3R; Thanatos TNS-4S (Felix); Cataphract CTF-5MOC (Naomi); Fafnir FNR-4A (Peter),matched,is_rocket_launcher_10,Rocket Launcher 10,Inner Sphere,is_rocket_launcher_10,
MRM 20,mrm20,24,Cyclops CP-12-K; Orion ON1-MC; Daikyu DAI-03; Avatar AV1-OD; Firestarter FS9-OE; Bishamon BSN-3K; Helios HEL-4A; Hellspawn HSN-9F,matched,is_mrm_20,MRM 20,Inner Sphere,is_mrm_20,
ISLRM10,islrm10,23,Centurion CN9-D; Centurion CN9-D3; Centurion CN9-D3D; Centurion CN9-D9; Dervish DV-7D; Dragon DRG-5N; Exterminator EXT-4D; Grand Dragon DRG-C,matched,is_lrm_10,LRM 10,Inner Sphere,is_lrm_10; clan_lrm_10,
ISFlamer,isflamer,23,Commando COM-7B; Firestarter FS9-P; Firestarter FS9-S; Flea 'Fire Ant'; Flea FLE-17; Flea FLE-19; Hermes HER-1S; Hermes II HER-5S,matched,is_flamer,Flamer,Inner Sphere,is_flamer; clan_flamer,
Streak LRM 15,streaklrm15,23,Gravedigger GDR-1D; Jade Hawk JHK-04; Vulture Mk IV B; Balius E; Cougar X 2; Orion C; Shogun C 2; Vulture G,matched,clan_streak_lrm_15,Streak LRM 15,Clan,clan_streak_lrm_15,
Large Re-engineered Laser,largereengineeredlaser,23,Blackjack BJ-2r; Ebony MEB-13; Fennec FEC-5CM; Gallant GLT-10-0; Devastator DVS-10; Watchman WTC-4DM2; Sagittaire SGT-14D; Spider SDR-10K,matched,is_large_re-engineered_laser,Large Re-Engineered Laser,Inner Sphere,is_large_re-engineered_laser,
SRM 2 (I-OS),srm2ios,23,Havoc HVC-P7; Commando COM-9S; Crossbow T; Fujin RJN-301-F; Assassin ASN-109; Raven RVN-5L,matched,is_srm_2,SRM 2,Inner Sphere,is_srm_2; clan_srm_2,
Autocannon/20,autocannon20,22,Atlas AS7-D-DC; Banshee BNC-3Q; Centurion CN9-AH; Centurion CN9-YLW 'Yen Lo Wang'; Charger CGR-1A5; Highlander HGN-733C; King Crab KGC-0000; UrbanMech UM-R60L,matched,is_autocannon_20,Autocannon/20,Inner Sphere,is_autocannon_20,
AC/10,ac10,22,Cataphract CTF-1X; Clint CLNT-1-2R; Enforcer ENF-4R; Hatchetman HCT-3F; Orion ON1-K; UrbanMech UM-R60; Tempest TMP-3MA; Bushwacker BSW-X1,matched,is_autocannon_10,Autocannon/10,Inner Sphere,is_autocannon_10,
Light Machine Gun Array,lightmachinegunarray,22,Dasher K; Wolf Trap (Tora) WFT-2; Marshal MHL-6MC; Men Shen MS1-OE; Wyvern IIC 2; Malak C-MK-OA Dominus; Piranha 4; Goliath GOL-6H,matched,is_machine_gun_array,Machine Gun Array,Inner Sphere,is_machine_gun_array,
HAG/30,hag30,22,Gladiator P; Vulture E; Ha Otoko 2; Jupiter 3; Onager ; BattleMaster C; Marauder IIC 7; Rifleman IIC 6,matched,clan_hyper_assault_gauss_30,Hyper-Assault Gauss 30,Clan,clan_hyper_assault_gauss_30,
ISStreakSRM4,isstreaksrm4,22,Grasshopper GHR-6K; Highlander HGN-736; Highlander HGN-738; King Crab KGC-005; Panther PNT-12A; Panther PNT-16K; Stalker STK-7D; Victor VTR-10D,matched,is_streak_srm_4,Streak SRM 4,Inner Sphere,is_streak_srm_4; clan_streak_srm_4,
Machine Gun Array,machinegunarray,22,Lobo 3; Eyleuka EYL-4A; Pariah (Septicemia) C; Titan II TI-2PA; Piranha 4; Jaguar 2; Prey Seeker PY-SR30; Butcherbird A,matched,clan_machine_gun_array,Machine Gun Array,Clan,is_machine_gun_array; clan_machine_gun_array,
Medium VSP Laser,mediumvsplaser,22,Blue Flame BLF-40; Perseus P1E; Shadow Hawk SHD-8L; Yu Huang Y-H12GC; Sagittaire SGT-14D; Agrotera AGT-1A; Exterminator EXT-7X; Black Lanner I,matched,is_medium_vsp_laser,Medium VSP Laser,Inner Sphere,is_medium_vsp_laser,
ISSNPPC,issnppc,21,Banshee BNC-8S; Cicada CDA-3MA; Grand Dragon DRG-9KC; Hussar HSR-950-D; Javelin JVN-11F; Panther PNT-14S; Chimera CMA-2K; Gurkha GUR-8G,matched,is_snub_nose_ppc,Snub-Nose PPC,Inner Sphere,is_snub_nose_ppc,
ISBeagleActiveProbe,isbeagleactiveprobe,21,Black Knight BL-6b-KNT; Cicada CDA-3G; Firestarter FS9-S; Javelin JVN-11B; Raven RVN-4L; Raven RVN-SR 'Shattered Raven'; Raven RVN-SS 'Shattered Raven'; Bloodhound B1-HND,matched,is_beagle_active_probe,Beagle Active Probe,Inner Sphere,is_beagle_active_probe,
CLMediumPulseLaser,clmediumpulselaser,21,Champion C; Firefly C; Hoplite C; Imp C; Arcas 2; Arcas ; Pinion 2; Pinion ,matched,clan_medium_pulse_laser,Medium Pulse Laser,Clan,clan_medium_pulse_laser; is_medium_pulse_laser,
HAG/40,hag40,20,Daishi D; Thunder Stallion 3; Burrock 2; Cygnus 2; Pariah (Septicemia) Prime; Marauder IIC 4; Mangonel MNL-4S; Cauldron-Born G,matched,clan_hyper_assault_gauss_40,Hyper-Assault Gauss 40,Clan,clan_hyper_assault_gauss_40,
M-Pod,mpod,19,Ronin SA-RN7; Neanderthal NTL-AG; Highlander HGN-740; Goliath GOL-7K; Dasher R; Battle Cobra BTL-C-2OJ; Jackalope JLP-BD-L 'Harvey',unmatched,,,,,"Add ""M-Pod"" as an altName to the correct weapon definition."
Light Auto Cannon/5,lightautocannon5,19,Brahma BRM-5A; Dragon DRG-5Nr; Enfield END-6Sr; Longbow LGB-13NAIS; Ostsol OTL-8D; Rifleman RFL-6D; Rifleman RFL-9T; Shadow Hawk SHD-9D,matched,is_light_ac_5,Light AC/5,Inner Sphere,is_light_ac_5,
ER Large Pulse Laser,erlargepulselaser,19,Parash 2; Warwolf B; Balius E; Cougar X 3; Thunderbolt IIC 2; Beowulf IIC IIC; Mad Cat Mk II Enhanced; Black Lanner G,matched,clan_large_er_pulse_laser,Large ER Pulse Laser,Clan,clan_large_er_pulse_laser,
ISAntiMissileSystem,isantimissilesystem,18,Atlas AS7-K; Bombardier BMB-05A; Bombardier BMB-12D; Exterminator EXT-4D; Falcon FLC-4P; Firefly FFL-4B; Firefly FFL-4C; Firefly FFL-4D,matched,is_anti_missile_system,Anti-Missile System,Inner Sphere,is_anti_missile_system; clan_anti_missile_system,
B-Pod,bpod,18,Dasher K; Shugenja SJA-8H; Vanquisher VQR-5V; Malak C-MK-OC Comminus; BattleMaster BLR-10S2; Goliath GOL-6H; Longbow LGB-13NAIS; Wolverine WVR-9K,matched,clan_b_pod,B-Pod,Clan,is_b_pod; clan_b_pod,
AC/20,ac20,17,Atlas AS7-D; Cyclops CP-10-Z; Hunchback HBK-4G; Victor VTR-9B; Axman AXM-1N; King Crab KGC-000; Thunder THR-1L; Avatar AV1-OA,matched,is_autocannon_20,Autocannon/20,Inner Sphere,is_autocannon_20,
Light TAG,lighttag,17,Koshi F; Mad Cat E; Crimson Langur D; Savage Coyote W; Parash 2; Koshi (Standard) 2; Koshi (Standard) 3; Koshi (Standard) ,matched,clan_light_tag,Light TAG,Clan,clan_light_tag,
LAC/5,lac5,17,Mauler MAL-1K; Avalanche AVL-1OC; Rokurokubi RK-4T; Malice MAL-XV; Gauntlet GTL-1OC; King Crab KGC-009; Carbine CON-9M-B ConstructionMech MOD; Inquisitor II ITW-200,matched,is_light_ac_5,Light AC/5,Inner Sphere,is_light_ac_5,
Streak LRM 10,streaklrm10,17,Warwolf A; Cougar X 3; Cougar X; Goshawk II 4; Strider SR1-OH; Coyotl D; Lupus D; Griffin C,matched,clan_streak_lrm_10,Streak LRM 10,Clan,clan_streak_lrm_10,
Fluid Gun,fluidgun,17,Gladiator GLD-9SF; Burrower DTM-1 MiningMech; St. Florian FLN-366 FireMech; Dig Lord RCL-4 MiningMech; Pompier GM-FL FireMech; Valiant VLT-3E,unmatched,,,,,"Possible altName ""Fluid Gun"" for: is_light_machine_gun, clan_light_machine_gun, is_machine_gun, clan_machine_gun, is_heavy_machine_gun"
Autocannon/2,autocannon2,16,Blackjack BJ-1; Blackjack BJ-1DC; Clint CLNT-2-4T; Daboku DCMS-MX90-D; Dragon DRG-1C; JagerMech JM6-A; JagerMech JM6-S; Sentinel STN-1S,matched,is_autocannon_2,Autocannon/2,Inner Sphere,is_autocannon_2,
ISTAG,istag,16,Assassin ASN-99; Clint CLNT-5U; Hermes HER-3S2; Mercury MCY-104; Raven RVN-4L; Raven RVN-4LC; Raven RVN-SS 'Shattered Raven'; Hammer HMR-3P 'Pein-Hammer',matched,is_tag,TAG,Inner Sphere,is_tag; clan_tag,
ISStreakSRM6,isstreaksrm6,15,Charger CGR-SA5; Guillotine GLT-8D; Hatamoto-Chi HTM-28T; Highlander HGN-734; Kintaro KTO-K; Raven RVN-SS 'Shattered Raven'; Bloodhound B1-HND; Bloodhound B2-HND,matched,is_streak_srm_6,Streak SRM 6,Inner Sphere,is_streak_srm_6; clan_streak_srm_6,
CLHeavyMediumLaser,clheavymediumlaser,15,Burrock ; Hellfire 2; Hellfire ; Lobo ; Solitaire ; Spirit ; Solitaire 2; Mad Cat III 2 (MWDA),matched,clan_heavy_medium_laser,Heavy Medium Laser,Clan,clan_heavy_medium_laser,
Large VSP Laser,largevsplaser,15,Perseus P1E; Mortis MS-1P; Merlin MLN-1P; Sagittaire SGT-14R; Jinggau JN-G9CCr; Albatross ALB-5W; Albatross ALB-6U; Mauler MAL-3K,matched,is_large_vsp_pulse_laser,Large VSP Pulse Laser,Inner Sphere,is_large_vsp_pulse_laser,
ISLRM20,islrm20,14,Atlas AS7-K; Atlas AS7-S; Bombardier BMB-12D; Bombardier BMB-14C; Charger CGR-3K; Charger CGR-C; Highlander HGN-736; Imp IMP-4E,matched,is_lrm_20,LRM 20,Inner Sphere,is_lrm_20; clan_lrm_20,
ISLargePulseLaser,islargepulselaser,14,Black Knight BL-6b-KNT; Caesar CES-4S; Hermes II HER-5SA; Imp IMP-3E; King Crab KGC-001; Stalker STK-5S; Vulcan VT-5M; Wyvern WVE-9N,matched,is_large_pulse_laser,Large Pulse Laser,Inner Sphere,is_large_pulse_laser; is_large_xpulse_laser; clan_large_pulse_laser,
ISRotaryAC5,isrotaryac5,14,Centurion CN9-D5; JagerMech JM7-F; Sentinel STN-4D; UrbanMech UM-R70; Victor VTR-11D; Akuma AKU-2XK; Lao Hu LHU-3L; Vanquisher VQR-7V,matched,is_rotary_ac_5,Rotary AC/5,Inner Sphere,is_rotary_ac_5,
Magshot,magshot,14,Tsunami TS-P1D; Sentry SNT-W5; Cuirass CDR-2BC; Watchman WTC-4DM2; Locust LCT-7V; DemolitionMech WI-DMM MOD,unmatched,,,,,"Add ""Magshot"" as an altName to the correct weapon definition."
Large X-Pulse Laser,largexpulselaser,14,Brahma BRM-5B; Marauder II MAD-6M; Phoenix Hawk PXH-9; Ostsol OTL-8E; Ostsol OTL-8E3; Wraith TR5; Nightsky NGS-7S; Albatross ALB-5U,matched,is_large_xpulse_laser,Large X-Pulse Laser,Inner Sphere,is_large_xpulse_laser,
Rocket Launcher 20,rocketlauncher20,14,Archer ARC-6W; Marauder II MAD-4H; Corsair COR-7R,matched,is_rocket_launcher_20,Rocket Launcher 20,Inner Sphere,is_rocket_launcher_20,
Clan TAG,clantag,13,Dasher A; Koshi A; Uller C; Phantom Prime; Black Lanner A; Cauldron-Born B; Fire Falcon D; Icestorm ,matched,clan_tag,TAG,Clan,clan_tag; is_tag,
CLERLargeLaser,clerlargelaser,13,Falcon FLC-6C; Arcas ; Blood Kite Kite; Lobo ; Scylla ; Spirit ; Bowman 2; Black Hawk (Standard) 2,matched,clan_er_large_laser,ER Large Laser,Clan,clan_er_large_laser; is_er_large_laser,
Rocket Launcher 15,rocketlauncher15,13,Firestarter FS9-C; Marauder II MAD-4H; Ostroc OSR-4C; Stinger STG-5R; King Crab KGC-011,matched,is_rocket_launcher_15,Rocket Launcher 15,Inner Sphere,is_rocket_launcher_15,
MRM 40,mrm40,13,Avatar AV1-OR; O-Bakemono OBK-M11; O-Bakemono OBK-M12; Sunder SD1-OC; Black Watch BKW-7R; Akuma AKU-1XJ; Archangel C-ANG-OC Comminus; Seraph C-SRP-OC Comminus,matched,is_mrm_40,MRM 40,Inner Sphere,is_mrm_40,
Small VSP Laser,smallvsplaser,13,Cronus CNS-TD9; Kheper KHP-7R; Thunderbolt TDR-10M (Salazar); Thunderbolt TDR-12R; Cataphract CTF-5L; Jinggau JN-G9CCr,matched,is_small_vsp_laser,Small VSP Laser,Inner Sphere,is_small_vsp_laser,
Improved Heavy Gauss Rifle,improvedheavygaussrifle,13,Hauptmann HA1-OF; Loki G; Trebaruna TR-XH; Ares ARS-V1A Hera; Ares ARS-V1E Apollo; Barghest BGS-4T; Lightning LHN-C5; Regent C,matched,is_improved_heavy_gauss_rifle,Improved Heavy Gauss Rifle,Inner Sphere,is_improved_heavy_gauss_rifle,
ProtoMech AC/8,protomechac8,13,Reptar EPT-C-1 MilitiaMech; Man O' War T; Black Hawk G; Black Lanner J; Turkina T; Sojourner A; Rifleman IIC 10; Thor T,unmatched,,,,,"Possible altName ""ProtoMech AC/8"" for: is_autocannon_2, is_autocannon_5, is_autocannon_10, is_autocannon_20, is_lb_2_x_ac"
Improved Heavy Small Laser,improvedheavysmalllaser,13,Fire Falcon T; Kingfisher T; Grendel J; Grendel T; Pouncer X,matched,clan_improved_heavy_small_laser,Improved Heavy Small Laser,Clan,clan_improved_heavy_small_laser,
ISAC20,isac20,12,Atlas AS7-S; Cyclops CP-11-H; Hunchback HBK-5H; Hunchback HBK-5M; Hunchback HBK-5N; Hunchback HBK-6N; Argus AGS-6F; Dragoon AEM-02,matched,is_autocannon_20,Autocannon/20,Inner Sphere,is_autocannon_20,
ISUltraAC5,isultraac5,12,Cataphract CTF-3D; Cicada CDA-3M; Dragon DRG-5N; Hermes II HER-5S; Hermes II HER-5SA; JagerMech JM6-DD; Sentinel STN-3L; Sentinel STN-3M,matched,is_ultra_ac_5,Ultra AC/5,Inner Sphere,is_ultra_ac_5; clan_ultra_ac_5,
ISPlasmaRifle,isplasmarifle,12,Catapult CPLT-C6; Centurion CN9-D9; Clint CLNT-2-3UL; Vindicator VND-6L; Fafnir FNR-5WB; Lao Hu LHU-3L; Vanquisher VQR-7U; Cataphract CTF-5MOC (Naomi),matched,is_plasma_rifle,Plasma Rifle,Inner Sphere,is_plasma_rifle,
Heavy Gauss Rifle,heavygaussrifle,12,Highlander HGN-694; Victor VTR-10S; Hollander II BZK-F7; War Dog WR-DG-03FC; Barghest BGS-3T; Hauptmann HA1-OC; Vanquisher VQR-5V; Crusader CRD-8S,matched,is_heavy_gauss_rifle,Heavy Gauss Rifle,Inner Sphere,is_heavy_gauss_rifle,
Anti-BattleArmor Pods (B-Pods),antibattlearmorpodsbpods,12,Loki D; Pack Hunter II II; Goliath C; Hankyu E,unmatched,,,,,"Possible altName ""Anti-BattleArmor Pods (B-Pods)"" for: is_b_pod, clan_b_pod"
Heavy Flamer,heavyflamer,12,Crimson Hawk 4; Man O' War F; Pouncer F; Phantom F; Vulcan VT-7T; Mad Cat M; St. Florian FLN-366-M FireMech MOD; StrongArm SC CV-M ConstructionMech MOD,matched,is_heavy_flamer,Heavy Flamer,Inner Sphere,is_heavy_flamer; clan_heavy_flamer,
Medium Chem Laser,mediumchemlaser,12,Black Hawk T,unmatched,,,,,"Possible altName ""Medium Chem Laser"" for: is_er_medium_laser, clan_er_medium_laser, is_medium_laser, is_medium_pulse_laser, clan_medium_pulse_laser"
ISMachine Gun,ismachinegun,11,Bombardier BMB-14K; Flea 'Fire Ant'; Lancelot LNC25-05; Raven RVN-SR 'Shattered Raven'; Vulcan VT-5M; Vulcan VT-6M; Chimera CMA-1S; Razorback RZK-9S,matched,is_machine_gun,Machine Gun,Inner Sphere,is_machine_gun; clan_machine_gun,
ISMML7,ismml7,11,Bombardier BMB-14K; Exterminator EXT-5F; Thorn THE-N2; Whitworth WTH-K; Hellspawn HSN-10G; Legacy LGC-05; Osprey OSP-26 (Lawrence),matched,is_mml_7,MML 7,Inner Sphere,is_mml_7,
ISMML5,ismml5,11,Dervish DV-9D; Grand Dragon DRG-9KC; Jenner JR7-C2; Anubis ABS-4C; Razorback RZK-10S; Stiletto STO-4C; Thunderbolt TDR-10M (Ilyena),matched,is_mml_5,MML 5,Inner Sphere,is_mml_5,
MRM 30,mrm30,11,Hatchetman HCT-5K; Orion ON1-MC; Sunder SD1-OC; Shugenja SJA-7D; Shugenja SJA-8H; Akuma AKU-1X; Templar TLR1-OH; BattleMaster BLR-CM,matched,is_mrm_30,MRM 30,Inner Sphere,is_mrm_30,
CLERPPC,clerppc,11,Imp C; Arcas 2; Blood Kite 2; Scylla 3; Ryoken II (Tassa); Wakazashi ; Annihilator C 2,matched,clan_er_ppc,ER PPC,Clan,clan_er_ppc; is_er_ppc,
CLGaussRifle,clgaussrifle,11,Mad Cat Mk II 2; Wakazashi ; Annihilator C 'Gausszilla'; Annihilator C 2,matched,clan_gauss_rifle,Gauss Rifle,Clan,clan_gauss_rifle; is_gauss_rifle,
Extended LRM 15,extendedlrm15,11,Hatamoto-Godai HTM-30Z; Awesome AWS-11V; Salamander PPR-7T; Orion ON3-M; Pendragon PDG-1R; Archer ARC-9R; Orion C 2; Awesome AWS-11R,matched,is_elrm_15,Extended LRM 15,Inner Sphere,is_elrm_15,
ProtoMech AC/2,protomechac2,11,Kraken 6; Hankyu J,unmatched,,,,,"Possible altName ""ProtoMech AC/2"" for: is_autocannon_2, is_autocannon_5, is_autocannon_10, is_autocannon_20, is_lb_2_x_ac"
C3 Computer (Master),c3computermaster,10,Atlas AS7-CM; Lao Hu LHU-3B; Fennec FEC-1CM; BattleMaster BLR-CM; Pendragon PDG-3R; Ares ARS-V1C Aphrodite; Panther PNT-CM; Black Hawk-KU BHKU-O (Albert),unmatched,,,,is_c3_computer_master,"Possible altName ""C3 Computer (Master)"" for: is_c3_computer_master, is_flamer, clan_flamer, is_er_flamer, clan_er_flamer"
ISLBXAC20,islbxac20,10,Charger CGR-SA5; Highlander HGN-734; Hunchback HBK-5S; King Crab KGC-005; Zeus-X ZEU-9WD; Axman AXM-3S; Thanatos TNS-4T; Excalibur EXC-C1 (Cernunnos),matched,is_lb_20_x_ac,LB 20-X AC,Inner Sphere,is_lb_20_x_ac,
ISRocketLauncher15,isrocketlauncher15,10,Commando COM-4H; JagerMech JM6-H; Panther PNT-14S; Anubis ABS-3R; Brigand LDT-X2,matched,is_rocket_launcher_15,Rocket Launcher 15,Inner Sphere,is_rocket_launcher_15,
Heavy Machine Gun Array,heavymachinegunarray,10,Dragonfly F; Koshi G; Buccaneer BCN-5W; Locust IIC 6; Cougar F; Carbine CON-9M-JB ConstructionMech MOD,matched,is_machine_gun_array,Machine Gun Array,Inner Sphere,is_machine_gun_array,
CLERSmallLaser,clersmalllaser,10,Falcon FLC-6C; Firefly C; Hellfire 2; Annihilator C 2; Great Wyrm (Aemelia),matched,clan_er_small_laser,ER Small Laser,Clan,clan_er_small_laser; is_er_small_laser,
iNarc,inarc,10,Battle Cobra BTL-C-2OC; Tessen TSN-1Cr; Phoenix Hawk PXH-7CS; Scorpion SCP-12C; Kintaro KTO-22; Raijin RJN-301-B; Raven RVN-5L; Battle Cobra BTL-C-2OI,matched,is_improved_narc_launcher,Improved Narc Launcher,Inner Sphere,is_improved_narc_launcher,
TAG (Clan),tagclan,10,Hankyu Prime; Nobori-nin Prime; Mad Cat III (Eve); Coyotl D; Hellion P; Hankyu T; Hierofalcon Prime; Koshi N,matched,clan_tag,TAG,Clan,is_tag; clan_tag,
Medium VSP,mediumvsp,10,Barghest BGS-7S; Beowulf BEO-14; Cossack C-1FC; Eagle EGL-3M; Helios HEL-6X; Toyama TYM-1C,matched,is_medium_vsp_laser,Medium VSP Laser,Inner Sphere,is_medium_vsp_laser,
Thunderbolt 20,thunderbolt20,10,Seraph C-SRP-OE Eminus; Orochi OR-2I; Thunder Hawk TDK-7Z; Thunder Hawk TDK-7ZEM,matched,is_thunderbolt_20,Thunderbolt 20,Inner Sphere,is_thunderbolt_20,
ISLAC2,islac2,9,Annihilator ANH-3A; Annihilator ANH-4A; Hussar HSR-900-D; King Crab KGC-008,matched,is_light_ac_2,Light AC/2,Inner Sphere,is_light_ac_2,
ISSRM2,issrm2,9,Assassin ASN-99; Firestarter FS9-P; Mongoose MON-69; Sentinel STN-3M; Sentinel STN-C; Lightray LGH-4Y; No-Dachi NDA-1K,matched,is_srm_2,SRM 2,Inner Sphere,is_srm_2; clan_srm_2,
ISRocketLauncher20,isrocketlauncher20,9,Bombardier BMB-05A; Catapult CPLT-H2; Cyclops CP-11-H; Hunchback HBK-5H,matched,is_rocket_launcher_20,Rocket Launcher 20,Inner Sphere,is_rocket_launcher_20,
CLHeavyLargeLaser,clheavylargelaser,9,Hellfire 2; Hellfire ; Pinion 2; Pinion ; Solitaire ; Pinion 3; Scylla 3; Solitaire 2,matched,clan_heavy_large_laser,Heavy Large Laser,Clan,clan_heavy_large_laser,
ER Small Pulse Laser,ersmallpulselaser,9,Vulture Mk IV Prime; Doloire DLR-OC; Nobori-nin I; Cauldron-Born X; Grendel J; Ryoken T; Ghost GST-10A 'Aurora',matched,clan_small_er_pulse_laser,Small ER Pulse Laser,Clan,clan_small_er_pulse_laser,
Streak LRM 20,streaklrm20,9,Deimos D; Boreas B; Amarok 2; Mastodon B; Mastodon Prime; Star Crusader Prime,matched,clan_streak_lrm_20,Streak LRM 20,Clan,clan_streak_lrm_20,
ISHeavyGaussRifle,isheavygaussrifle,8,Atlas AS7-S2; Banshee BNC-6S; Caesar CES-4S; Highlander HGN-738; Stalker STK-8S; Fafnir FNR-5; Fafnir FNR-4A (Peter),matched,is_heavy_gauss_rifle,Heavy Gauss Rifle,Inner Sphere,is_heavy_gauss_rifle,
ISMML9,ismml9,8,Charger CGR-KMZ; Hunchback HBK-5SS; Akuma AKU-2XK; Verfolger VR6-C; Grim Reaper GRM-R-PR62A,matched,is_mml_9,MML 9,Inner Sphere,is_mml_9,
ISNarcBeacon,isnarcbeacon,8,Kintaro KTO-19; Orion ON1-M; Raven RVN-4L; Raven RVN-4LC; Raven RVN-SR 'Shattered Raven'; Stalker STK-5M; Trebuchet TBT-7M; Jenner JR7-K (Grace II),matched,is_narc_missile_beacon,Narc Missile Beacon,Inner Sphere,is_narc_missile_beacon,
ISMRM20,ismrm20,8,Trebuchet TBT-9K; Chimera CMA-1S; Chimera CMA-C; No-Dachi NDA-1K; Thanatos TNS-4S; Thanatos TNS-4T,matched,is_mrm_20,MRM 20,Inner Sphere,is_mrm_20,
Thunderbolt 15,thunderbolt15,8,Avatar AV1-OI; Deva C-DVA-OE Eminus; BattleMaster BLR-6M; Inferno INF-NOC; Battle Cobra BTL-C-2OH; Axman AXM-6X,matched,is_thunderbolt_15,Thunderbolt 15,Inner Sphere,is_thunderbolt_15,
CLStreakSRM4,clstreaksrm4,8,Arcas ; Spirit ; Mad Cat Mk II 2,matched,clan_streak_srm_4,Streak SRM 4,Clan,clan_streak_srm_4; is_streak_srm_4,
ISMediumVSPLaser,ismediumvsplaser,8,Legacy LGC-05; No-Dachi NDA-3S; Sagittaire SGT-10X,matched,is_medium_vsp_laser,Medium VSP Laser,Inner Sphere,is_medium_vsp_laser,
CLLRM20,cllrm20,7,Imp C; Scylla ; Bowman 2; Mad Cat III 2 (MWDA),matched,clan_lrm_20,LRM 20,Clan,clan_lrm_20; is_lrm_20,
ProtoMech AC/4,protomechac4,7,Stooping Hawk G; Uller T; Fire Falcon G; Grendel I; Phantom G,unmatched,,,,,"Possible altName ""ProtoMech AC/4"" for: is_autocannon_2, is_autocannon_5, is_autocannon_10, is_autocannon_20, is_lb_2_x_ac"
Silver Bullet Gauss Rifle,silverbulletgaussrifle,7,Carronade CRN-7M; Marauder MAD-9D; Orochi OR-3K; Rifleman RFL-7G; Huron Warrior HUR-WO-RX4,unmatched,,,,,"Possible altName ""Silver Bullet Gauss Rifle"" for: is_gauss_rifle, clan_gauss_rifle, is_light_gauss_rifle, is_heavy_gauss_rifle, is_improved_heavy_gauss_rifle"
Light TAG [Clan],lighttagclan,7,Mad Cat (Bounty Hunter); Nobori-nin E; Stormwolf D; Stormwolf Prime; Hankyu F; Dragonfly R; OmniMarauder MAD-BR-OA,unmatched,,,,,"Possible altName ""Light TAG [Clan]"" for: clan_light_tag, is_tag, clan_tag, is_light_ac_2, is_light_ac_5"
Flamer (Vehicle),flamervehicle,7,Crosscut ED-X2 (Flamer); Demeter WLD-1-M AgroMech MOD; Pompier GM-4P PoliceMech; Crosscut ED-X2M LoggerMech MOD; Grommet D90 MilitiaMech,matched,is_flamer,Flamer,Inner Sphere,is_flamer; clan_flamer,
Streak SRM 2 (I-OS),streaksrm2ios,7,Shadow Hawk SHD-6D; Hellion T; Wasp C; Linebacker G,matched,clan_streak_srm_2,Streak SRM 2,Clan,is_streak_srm_2; clan_streak_srm_2,
Binary Laser (Blazer) Cannon,binarylaserblazercannon,7,Viper VP-1; Viper VP-7; Urbanmaster UM-S60; Enforcer III ENF-7X MUSE COMPACT,unmatched,,,,,"Possible altName ""Binary Laser (Blazer) Cannon"" for: is_er_small_laser, clan_er_small_laser, is_er_medium_laser, clan_er_medium_laser, is_er_large_laser"
ISAC10,isac10,6,Annihilator ANH-1A; Hoplite HOP-4A; Hoplite HOP-4C,matched,is_autocannon_10,Autocannon/10,Inner Sphere,is_autocannon_10,
Sword,sword,6,Assassin ASN-99; Vindicator VND-5L; No-Dachi NDA-1K; No-Dachi NDA-2K; Chimera CMA-2K; Gurkha GUR-6G,unmatched,,,,,"Add ""Sword"" as an altName to the correct weapon definition."
ISAC5,isac5,6,Cataphract CTF-4X; Hatamoto-Ku HTM-27W; Lancelot LNC25-03; Grand Dragon DRG-1G (Douglas),matched,is_autocannon_5,Autocannon/5,Inner Sphere,is_autocannon_5,
ISLBXAC2,islbxac2,6,Catapult CPLT-C2; JagerMech JM6-H; JagerMech JM7-G,matched,is_lb_2_x_ac,LB 2-X AC,Inner Sphere,is_lb_2_x_ac,
ISC3MasterComputer,isc3mastercomputer,6,Grand Dragon DRG-9KC; Hatamoto-Hi HTM-CM; Katana (Crockett) CRK-5003-CM; Sagittaire SGT-9D; Tessen TSN-C3M; Thunderbolt TDR-10M (Ilyena),matched,is_c3_computer_master,C3 Computer (Master),Inner Sphere,is_c3_computer_master,
CLLRM15,cllrm15,6,Hoplite C; Blood Kite 2; Blood Kite Kite,matched,clan_lrm_15,LRM 15,Clan,clan_lrm_15; is_lrm_15,
Light Auto Cannon/2,lightautocannon2,6,JagerMech JM6-DDa; Viking VKG-3W; Valkyrie VLK-QD2,matched,is_light_ac_2,Light AC/2,Inner Sphere,is_light_ac_2,
CLATM6,clatm6,6,Hellfire 2; Lobo ; Black Hawk (Standard) 2,matched,clan_atm_6,ATM 6,Clan,clan_atm_6,
CLHeavySmallLaser,clheavysmalllaser,6,Hellfire ; Lobo ; Solitaire ; Spirit ; Solitaire 2,matched,clan_heavy_small_laser,Heavy Small Laser,Clan,clan_heavy_small_laser,
CLATM3,clatm3,6,Rabid Coyote 2,matched,clan_atm_3,ATM 3,Clan,clan_atm_3,
ISERFlamer,iserflamer,6,Bloodhound B3-HND; Vanquisher VQR-7U,matched,is_er_flamer,ER Flamer,Inner Sphere,is_er_flamer; clan_er_flamer,
Sniper,sniper,6,Helepolis HEP-2H; Helepolis HEP-2X; Helepolis HEP-3H; Helepolis HEP-4H; Orion ON1-K (Muller); Helepolis HEP-1H,unmatched,,,,,"Possible altName ""Sniper"" for: is_flamer, clan_flamer, is_er_flamer, clan_er_flamer, is_heavy_flamer"
Extended LRM 10,extendedlrm10,6,Salamander PPR-7T; Valkyrie VLK-QD8; Alpha Wolf C; Valkyrie VLK-QD6; Orion ON3-MX,matched,is_elrm_10,Extended LRM 10,Inner Sphere,is_elrm_10,
Cargo (1 ton),cargo1ton,6,Crosscut ED-X2 LoggerMech; Powerman SC XI LoaderMech,unmatched,,,,,"Add ""Cargo (1 ton)"" as an altName to the correct weapon definition."
CLUltraAC10,clultraac10,5,Annihilator C; Hoplite C,matched,clan_ultra_ac_10,Ultra AC/10,Clan,clan_ultra_ac_10; is_ultra_ac_10,
ISLightGaussRifle,islightgaussrifle,5,Centurion CN9-D3D; Centurion CN9-D4D; Guillotine GLT-6WB2; Hermes II HER-5ME 'Mercury Elite'; Vulcan VT-6M,matched,is_light_gauss_rifle,Light Gauss Rifle,Inner Sphere,is_light_gauss_rifle,
CLSmallPulseLaser,clsmallpulselaser,5,Champion C; Pinion 2; Scylla 2,matched,clan_small_pulse_laser,Small Pulse Laser,Clan,clan_small_pulse_laser; is_small_pulse_laser,
ISImprovedNarc,isimprovednarc,5,Champion CHP-3P; Hermes II HER-5C; Kintaro KTO-21; Tessen TSN-1C; Tessen TSN-C3,matched,is_improved_narc_launcher,Improved Narc Launcher,Inner Sphere,is_improved_narc_launcher,
ISMRM10,ismrm10,5,Grand Dragon DRG-7K; Ninja-To NJT-2; No-Dachi NDA-2K; Panther PNT-12K,matched,is_mrm_10,MRM 10,Inner Sphere,is_mrm_10,
CLLRM10,cllrm10,5,Hellfire ; Spirit ; Mad Cat Mk II 3,matched,clan_lrm_10,LRM 10,Clan,clan_lrm_10; is_lrm_10,
CLECMSuite,clecmsuite,5,Rabid Coyote Coyote; Spirit ; Bowman 2; Bowman 3; Rabid Coyote 2,matched,clan_ecm_suite,ECM Suite,Clan,clan_ecm_suite,
RISC Advanced Point Defense System,riscadvancedpointdefensesystem,5,Jackalope JLP-BD-L 'Harvey'; Jackalope JLP-KB; Osprey OSP-36; Vulpes VLP-1DX 'Beast',unmatched,,,,,"Add ""RISC Advanced Point Defense System"" as an altName to the correct weapon definition."
ISLAC5,islac5,4,Blackjack BJ-4; Clint CLNT-3-3T; Sentinel STN-5WB,matched,is_light_ac_5,Light AC/5,Inner Sphere,is_light_ac_5,
ISMGA,ismga,4,Bombardier BMB-14K; Javelin JVN-11F; Raven RVN-SR 'Shattered Raven',unmatched,,,,,"Possible altName ""ISMGA"" for: is_machine_gun"
ISMRM30,ismrm30,4,Catapult CPLT-K5; Quickdraw QKD-8K; UrbanMech UM-R68,matched,is_mrm_30,MRM 30,Inner Sphere,is_mrm_30,
ISMML3,ismml3,4,Crockett CRK-5005-1; Lightray LGH-7W,matched,is_mml_3,MML 3,Inner Sphere,is_mml_3,
ISAC2,isac2,4,JagerMech JM6-DD; Mauler MAL-C,matched,is_autocannon_2,Autocannon/2,Inner Sphere,is_autocannon_2,
LAC/2,lac2,4,King Crab KGC-008B; Blade BLD-XR,matched,is_light_ac_2,Light AC/2,Inner Sphere,is_light_ac_2,
CLPlasmaCannon,clplasmacannon,4,Hellfire 3,matched,clan_plasma_cannon,Plasma Cannon,Clan,clan_plasma_cannon,
Nail/Rivet Gun,nailrivetgun,4,Jabberwocky JAW-66D ConstructionMech; Diomede D-M3D-3 ConstructionMech,unmatched,,,,,"Possible altName ""Nail/Rivet Gun"" for: is_light_machine_gun, clan_light_machine_gun, is_machine_gun, clan_machine_gun, is_heavy_machine_gun"
SRT 6,srt6,4,Balius U,unmatched,,,,,"Add ""SRT 6"" as an altName to the correct weapon definition."
C3 Master Boosted with TAG,c3masterboostedwithtag,4,Fennec FEC-5CM; Hauptmann HA1-OM; Strider SR1-OM,matched,is_c3_computer_master,C3 Computer (Master),Inner Sphere,is_c3_computer_master,
Enhanced PPC,enhancedppc,4,Devastator DVS-2-EC; Pulverizer PUL-3R; Pulverizer PUL-2V,unmatched,,,,,"Possible altName ""Enhanced PPC"" for: is_ppc, is_light_ppc, is_heavy_ppc, is_er_ppc, clan_er_ppc"
'Mech Mortar 4,mechmortar4,4,Woodsman D,unmatched,,,,,"Add ""'Mech Mortar 4"" as an altName to the correct weapon definition."
ISArrowIVSystem,isarrowivsystem,3,Bombardier BMB-05A; Catapult CPLT-C3; Catapult CPLT-C5,matched,is_arrow_iv,Arrow IV,Inner Sphere,is_arrow_iv,
CLSRM6,clsrm6,3,Champion C; Hellfire 3,matched,clan_srm_6,SRM 6,Clan,clan_srm_6; is_srm_6,
ISLightMG,islightmg,3,Flea FLE-19; Vulcan VT-6C,unmatched,,,,,"Possible altName ""ISLightMG"" for: is_machine_gun, is_light_ac_2, is_light_ac_5, is_light_gauss_rifle, is_light_machine_gun"
ISLMGA,islmga,3,Flea FLE-19; Vulcan VT-6C,unmatched,,,,,"Possible altName ""ISLMGA"" for: is_machine_gun"
Streak SRM 2 (OS),streaksrm2os,3,Copperhead CPR-HD-002; War Dog WR-DG-02FC,matched,is_streak_srm_2,Streak SRM 2,Inner Sphere,is_streak_srm_2; clan_streak_srm_2,
Large VSP,largevsp,3,Enforcer III ENF-6NAIS; Jinggau JN-G9CC; Sentry SNT-W5,matched,is_large_vsp_pulse_laser,Large VSP Pulse Laser,Inner Sphere,is_large_vsp_pulse_laser,
Small VSP,smallvsp,3,Jinggau JN-G9CC,matched,is_small_vsp_laser,Small VSP Laser,Inner Sphere,is_small_vsp_laser,
CLLightActiveProbe,cllightactiveprobe,3,Blood Kite 2; Mad Cat Mk II 3; Hoplite HOP-4X,matched,clan_light_active_probe,Light Active Probe,Clan,clan_light_active_probe,
CLSRM4,clsrm4,3,Blood Kite Kite,matched,clan_srm_4,SRM 4,Clan,clan_srm_4; is_srm_4,
CLHAG20,clhag20,3,Bowman 3; Scylla 2,matched,clan_hyper_assault_gauss_20,Hyper-Assault Gauss 20,Clan,clan_hyper_assault_gauss_20,
CLLBXAC20,cllbxac20,3,Mad Cat Mk II 2; Scylla 3; Wakazashi ,matched,clan_lb_20_x_ac,LB 20-X AC,Clan,clan_lb_20_x_ac; is_lb_20_x_ac,
CLHAG30,clhag30,3,Mad Cat Mk II 3; Scylla 3,matched,clan_hyper_assault_gauss_30,Hyper-Assault Gauss 30,Clan,clan_hyper_assault_gauss_30,
ISBPod,isbpod,3,Bloodhound B3-HND; BattleMaster BLR-10S,matched,is_b_pod,B-Pod,Inner Sphere,is_b_pod; clan_b_pod,
SRM 6 (I-OS),srm6ios,3,Perseus P1E; Crossbow T,matched,clan_srm_6,SRM 6,Clan,is_srm_6; clan_srm_6,
ISMediumLaser (R),ismediumlaserr,3,Sagittaire SGT-9D; Grand Dragon DRG-1G (Douglas),matched,is_medium_laser,Medium Laser,Inner Sphere,is_medium_laser,
LRT 15,lrt15,3,Avatar AV1-OU; Thor U,unmatched,,,,,"Add ""LRT 15"" as an altName to the correct weapon definition."
Long Tom Cannon,longtomcannon,3,Loki Mk II B; Pillager PLG-4X 'Anvil',unmatched,,,,,"Add ""Long Tom Cannon"" as an altName to the correct weapon definition."
C3 Boosted System (Master),c3boostedsystemmaster,3,Hatamoto-Godai HTM-30Z; Yu Huang Y-H12GC,unmatched,,,,,"Possible altName ""C3 Boosted System (Master)"" for: is_c3_computer_master, is_flamer, clan_flamer, is_er_flamer, clan_er_flamer"
Small Re-engineered Laser,smallreengineeredlaser,3,Blackjack BJ2-OG; Cuirass CDR-2X; Fire Falcon R,matched,is_small_re-engineered_laser,Small Re-Engineered Laser,Inner Sphere,is_small_re-engineered_laser,
Thunderbolt 10,thunderbolt10,3,Gauntlet GTL-1O; Griffin GRF-6R; Firebee WI-WAM MilitiaMech,matched,is_thunderbolt_10,Thunderbolt 10,Inner Sphere,is_thunderbolt_10,
Lift Hoist,lifthoist,3,Crosscut ED-X2 LoggerMech; Powerman SC XI LoaderMech,unmatched,,,,,"Add ""Lift Hoist"" as an altName to the correct weapon definition."
Light AC/2,lightac2,3,Blackjack BJ-5; Opossum OPO-3 SalvageMech MOD,matched,is_light_ac_2,Light AC/2,Inner Sphere,is_light_ac_2,
CLLBXAC10,cllbxac10,2,Champion C; Scylla ,matched,clan_lb_10_x_ac,LB 10-X AC,Clan,clan_lb_10_x_ac; is_lb_10_x_ac,
ISUltraAC10,isultraac10,2,Champion CHP-3P; UrbanMech UM-R69,matched,is_ultra_ac_10,Ultra AC/10,Inner Sphere,is_ultra_ac_10; clan_ultra_ac_10,
Streak SRM 4 (OS),streaksrm4os,2,Daishi C; Kraken 3,matched,clan_streak_srm_4,Streak SRM 4,Clan,is_streak_srm_4; clan_streak_srm_4,
CLAntiMissileSystem,clantimissilesystem,2,Falcon FLC-6C; Lobo ,matched,clan_anti_missile_system,Anti-Missile System,Clan,clan_anti_missile_system,
ISRotaryAC2,isrotaryac2,2,JagerMech JM7-G,matched,is_rotary_ac_2,Rotary AC/2,Inner Sphere,is_rotary_ac_2,
ISMG,ismg,2,Javelin JVN-11F,matched,is_machine_gun,Machine Gun,Inner Sphere,is_machine_gun,
'Mech Mortar 8,mechmortar8,2,Crossbow D,unmatched,,,,,"Add ""'Mech Mortar 8"" as an altName to the correct weapon definition."
Clan Light TAG,clanlighttag,2,Icestorm 2; Beowulf C,matched,clan_light_tag,Light TAG,Clan,clan_light_tag,
CLMicroPulseLaser,clmicropulselaser,2,Pinion ,matched,clan_micro_pulse_laser,Micro Pulse Laser,Clan,clan_micro_pulse_laser,
CLAntiPersonnelPod,clantipersonnelpod,2,Bowman 2,matched,clan_a_pod,A-Pod,Clan,clan_a_pod,
CLBPod,clbpod,2,Bowman 3,matched,clan_b_pod,B-Pod,Clan,clan_b_pod; is_b_pod,
CLERFlamer,clerflamer,2,Hellfire 3,matched,clan_er_flamer,ER Flamer,Clan,clan_er_flamer; is_er_flamer,
CLFlamer,clflamer,2,Hellfire 3,matched,clan_flamer,Flamer,Clan,clan_flamer; is_flamer,
ISSmallVSPLaser,issmallvsplaser,2,Vanquisher VQR-7U,matched,is_small_vsp_laser,Small VSP Laser,Inner Sphere,is_small_vsp_laser,
Nail Gun,nailgun,2,Diomede D-M3D-4 DemolitionMech,unmatched,,,,,"Possible altName ""Nail Gun"" for: is_light_machine_gun, clan_light_machine_gun, is_machine_gun, clan_machine_gun, is_heavy_machine_gun"
SRT 4,srt4,2,Avatar AV1-OU,unmatched,,,,,"Add ""SRT 4"" as an altName to the correct weapon definition."
CLStreakSRM6,clstreaksrm6,2,Ryoken II (Tassa),matched,clan_streak_srm_6,Streak SRM 6,Clan,clan_streak_srm_6; is_streak_srm_6,
Improved Gauss Rifle,improvedgaussrifle,2,Devastator DVS-2-EC,unmatched,,,,,"Possible altName ""Improved Gauss Rifle"" for: is_gauss_rifle, clan_gauss_rifle, is_light_gauss_rifle, is_heavy_gauss_rifle, is_improved_heavy_gauss_rifle"
Improved Large Laser,improvedlargelaser,2,Pulverizer PUL-3R,unmatched,,,,,"Possible altName ""Improved Large Laser"" for: is_large_laser, is_er_large_laser, clan_er_large_laser, is_large_pulse_laser, is_large_xpulse_laser"
ISThunderbolt15,isthunderbolt15,2,Axman AXM-6T,matched,is_thunderbolt_15,Thunderbolt 15,Inner Sphere,is_thunderbolt_15,
SRM 4 (I-OS),srm4ios,2,Fire Falcon T; Starslayer STY-4C,ambiguous,,,,is_srm_4; clan_srm_4,
ISMediumPulseLaser (R),ismediumpulselaserr,2,Gunslinger GUN-1ERD (Jared),matched,is_medium_pulse_laser,Medium Pulse Laser,Inner Sphere,is_medium_pulse_laser; clan_medium_pulse_laser,
Vehicular Grenade Launcher,vehiculargrenadelauncher,2,Shadow Hawk SHD-3H2,unmatched,,,,,"Possible altName ""Vehicular Grenade Launcher"" for: is_flamer, clan_flamer, is_er_flamer, clan_er_flamer, is_heavy_flamer"
ISLPPC,islppc,2,Jenner JR7-K (Grace II),matched,is_light_ppc,Light PPC,Inner Sphere,is_light_ppc,
Improved Autocannon/5,improvedautocannon5,2,Bull Shark BSK-M3,unmatched,,,,,"Possible altName ""Improved Autocannon/5"" for: is_autocannon_5, is_autocannon_2, is_autocannon_10, is_autocannon_20, is_lb_2_x_ac"
Extended LRM 20,extendedlrm20,2,Pendragon PDG-1X MUSE RED,matched,is_elrm_20,Extended LRM 20,Inner Sphere,is_elrm_20,
ISLBXAC5,islbxac5,1,Assassin ASN-30,matched,is_lb_5_x_ac,LB 5-X AC,Inner Sphere,is_lb_5_x_ac,
CLSRM2,clsrm2,1,Firefly C,matched,clan_srm_2,SRM 2,Clan,clan_srm_2; is_srm_2,
ISSRM4 (OS),issrm4os,1,Quickdraw QKD-5M,matched,is_srm_4,SRM 4,Inner Sphere,is_srm_4; clan_srm_4,
ISUltraAC20,isultraac20,1,Victor VTR-10D,matched,is_ultra_ac_20,Ultra AC/20,Inner Sphere,is_ultra_ac_20; clan_ultra_ac_20,
CLUltraAC20,clultraac20,1,Burrock ,matched,clan_ultra_ac_20,Ultra AC/20,Clan,clan_ultra_ac_20; is_ultra_ac_20,
CLATM12,clatm12,1,Rabid Coyote Coyote,matched,clan_atm_12,ATM 12,Clan,clan_atm_12,
CLATM9,clatm9,1,Bowman 3,matched,clan_atm_9,ATM 9,Clan,clan_atm_9,
CLActiveProbe,clactiveprobe,1,Rabid Coyote 2,matched,clan_active_probe,Active Probe,Clan,clan_active_probe,
ISMRM40,ismrm40,1,Akuma AKU-2X,matched,is_mrm_40,MRM 40,Inner Sphere,is_mrm_40,
ISFluidGun,isfluidgun,1,Bloodhound B3-HND,unmatched,,,,,"Possible altName ""ISFluidGun"" for: is_light_machine_gun, clan_light_machine_gun, is_machine_gun, clan_machine_gun, is_heavy_machine_gun"
Retractable Blade,retractableblade,1,Gurkha GUR-8G,unmatched,,,,,"Possible altName ""Retractable Blade"" for: is_autocannon_2, is_autocannon_5, is_autocannon_10, is_autocannon_20, is_lb_2_x_ac"
Mace,mace,1,No-Dachi NDA-3S,unmatched,,,,,"Possible altName ""Mace"" for: is_autocannon_2, is_autocannon_5, is_autocannon_10, is_autocannon_20, is_lb_2_x_ac"
ISHeavyFlamer,isheavyflamer,1,Vanquisher VQR-7U,matched,is_heavy_flamer,Heavy Flamer,Inner Sphere,is_heavy_flamer; clan_heavy_flamer,
ISRemoteSensorDispenser,isremotesensordispenser,1,Vanquisher VQR-7U,unmatched,,,,,"Possible altName ""ISRemoteSensorDispenser"" for: is_flamer, clan_flamer, is_er_flamer, clan_er_flamer, is_heavy_flamer"
BattleMech Taser,battlemechtaser,1,Morrigan 3,unmatched,,,,,"Possible altName ""BattleMech Taser"" for: is_flamer, clan_flamer, is_er_flamer, clan_er_flamer, is_heavy_flamer"
ISERSmallLaser (R),isersmalllaserr,1,BattleMaster BLR-10S,matched,is_er_small_laser,ER Small Laser,Inner Sphere,is_er_small_laser; clan_er_small_laser,
TSEMP One-Shot,tsemponeshot,1,Hellion G,unmatched,,,,,"Possible altName ""TSEMP One-Shot"" for: is_one_shot, clan_one_shot, tsemp_cannon"
Sniper Cannon,snipercannon,1,Koschei KSC-6L,unmatched,,,,,"Possible altName ""Sniper Cannon"" for: is_flamer, clan_flamer, is_er_flamer, clan_er_flamer, is_heavy_flamer"
Thumper Cannon,thumpercannon,1,Shockwave SKW-8X,unmatched,,,,,"Possible altName ""Thumper Cannon"" for: is_flamer, clan_flamer, is_er_flamer, clan_er_flamer, is_heavy_flamer"
Bombast Laser,bombastlaser,1,Uraeus UAE-7R,unmatched,,,,,"Possible altName ""Bombast Laser"" for: is_er_small_laser, clan_er_small_laser, is_er_medium_laser, clan_er_medium_laser, is_er_large_laser"
SRM 2 (OS),srm2os,1,Wasp LAM Mk I WSP-100,matched,is_srm_2,SRM 2,Inner Sphere,is_srm_2; clan_srm_2,
Chainsaw,chainsaw,1,Crosscut ED-X2 LoggerMech,unmatched,,,,,"Add ""Chainsaw"" as an altName to the correct weapon definition."
Cargo (0.5 tons),cargo05tons,1,Powerman SC XI LoaderMech,unmatched,,,,,"Add ""Cargo (0.5 tons)"" as an altName to the correct weapon definition."
ISMediumXPulseLaser,ismediumxpulselaser,1,Thunder THR-C4,matched,is_medium_xpulse_laser,Medium X-Pulse Laser,Inner Sphere,is_medium_xpulse_laser,
ISThunderbolt20,isthunderbolt20,1,Thunder THR-C4,matched,is_thunderbolt_20,Thunderbolt 20,Inner Sphere,is_thunderbolt_20,
Enhanced LRM 10,enhancedlrm10,1,Griffin GRF-3N,matched,is_enhanced_lrm_10,Enhanced LRM 10,Inner Sphere,is_enhanced_lrm_10,
Enhanced LRM 5,enhancedlrm5,1,Shadow Hawk SHD-7H,matched,is_enhanced_lrm_5,Enhanced LRM 5,Inner Sphere,is_enhanced_lrm_5,
SRM 6 (OS),srm6os,1,Raijin RJN-101-X,matched,is_srm_6,SRM 6,Inner Sphere,is_srm_6; clan_srm_6,
Narc (I-OS),narcios,1,Linebacker F,matched,is_narc_missile_beacon,Narc Missile Beacon,Inner Sphere,is_narc_missile_beacon,
CLLargePulseLaser,cllargepulselaser,1,Great Wyrm (Aemelia),matched,clan_large_pulse_laser,Large Pulse Laser,Clan,clan_large_pulse_laser; is_large_pulse_laser; is_large_xpulse_laser,
ISLargeVSPLaser,islargevsplaser,1,Albatross ALB-5W (Dantalion),matched,is_large_vsp_pulse_laser,Large VSP Pulse Laser,Inner Sphere,is_large_vsp_pulse_laser,
ISLaserAntiMissileSystem,islaserantimissilesystem,1,Albatross ALB-5W (Dantalion),matched,is_laser_ams,Laser AMS,Inner Sphere,is_laser_ams,
CLRotaryAC5,clrotaryac5,1,Hoplite HOP-4X,matched,is_rotary_ac_5,Rotary AC/5,Inner Sphere,is_rotary_ac_5,
CLStreakLRM15,clstreaklrm15,1,Hoplite HOP-4X,matched,clan_streak_lrm_15,Streak LRM 15,Clan,clan_streak_lrm_15,
Blazer Cannon,blazercannon,1,Zeus ZEU-6Y,unmatched,,,,,"Possible altName ""Blazer Cannon"" for: is_flamer, clan_flamer, is_er_flamer, clan_er_flamer, is_heavy_flamer"