title,body_file,labels,milestone,parent_epic,use_case,issue_type,area,priority,phase
[UC-001] View Public Site Information,issue_bodies/epics/uc-001-view-public-site-information.md,"type: epic,area: docs,priority: medium,phase: mvp",M1: Project Foundation and Documentation,,UC-001,Epic,Docs,Medium,MVP
Create landing page overview,issue_bodies/tasks/uc-001-create-landing-page-overview.md,"type: task,area: ui,area: docs,priority: medium,phase: mvp",M1: Project Foundation and Documentation,[UC-001] View Public Site Information,UC-001,Task,Docs,Medium,MVP
Create FAQ page,issue_bodies/tasks/uc-001-create-faq-page.md,"type: task,area: docs,priority: medium,phase: mvp",M1: Project Foundation and Documentation,[UC-001] View Public Site Information,UC-001,Task,Docs,Medium,MVP
Create campaign guide page,issue_bodies/tasks/uc-001-create-campaign-guide-page.md,"type: task,area: docs,priority: medium,phase: mvp",M1: Project Foundation and Documentation,[UC-001] View Public Site Information,UC-001,Task,Docs,Medium,MVP
[UC-002] View Leaderboards and Statistics,issue_bodies/epics/uc-002-view-leaderboards-and-statistics.md,"type: epic,area: leaderboards,priority: medium,phase: v1","M9: Leaderboards, Polish, and Final Release",,UC-002,Epic,Leaderboards,Medium,V1
Create public leaderboard page,issue_bodies/tasks/uc-002-create-public-leaderboard-page.md,"type: task,area: leaderboards,area: ui,priority: medium,phase: v1","M9: Leaderboards, Polish, and Final Release",[UC-002] View Leaderboards and Statistics,UC-002,Task,Leaderboards,Medium,V1
Implement leaderboard eligibility rules,issue_bodies/tasks/uc-002-implement-leaderboard-eligibility-rules.md,"type: task,area: leaderboards,area: api,priority: high,phase: v1","M9: Leaderboards, Polish, and Final Release",[UC-002] View Leaderboards and Statistics,UC-002,Task,Leaderboards,Medium,V1
Create statistics dashboard endpoint,issue_bodies/tasks/uc-002-create-statistics-dashboard-endpoint.md,"type: task,area: leaderboards,area: api,priority: medium,phase: v1","M9: Leaderboards, Polish, and Final Release",[UC-002] View Leaderboards and Statistics,UC-002,Task,Leaderboards,Medium,V1
[UC-003] Create User Account,issue_bodies/epics/uc-003-create-user-account.md,"type: epic,area: accounts,priority: high,phase: mvp","M2: Accounts, Friends, and Notifications",,UC-003,Epic,Accounts,High,MVP
Create users table/model,issue_bodies/tasks/uc-003-create-users-table-model.md,"type: task,area: database,area: accounts,priority: high,phase: mvp","M2: Accounts, Friends, and Notifications",[UC-003] Create User Account,UC-003,Task,Accounts,High,MVP
Implement registration endpoint,issue_bodies/tasks/uc-003-implement-registration-endpoint.md,"type: task,area: api,area: accounts,priority: high,phase: mvp","M2: Accounts, Friends, and Notifications",[UC-003] Create User Account,UC-003,Task,Accounts,High,MVP
Build registration UI,issue_bodies/tasks/uc-003-build-registration-ui.md,"type: task,area: ui,area: accounts,priority: high,phase: mvp","M2: Accounts, Friends, and Notifications",[UC-003] Create User Account,UC-003,Task,Accounts,High,MVP
[UC-004] Log In,issue_bodies/epics/uc-004-log-in.md,"type: epic,area: accounts,priority: high,phase: mvp","M2: Accounts, Friends, and Notifications",,UC-004,Epic,Accounts,High,MVP
Implement login endpoint,issue_bodies/tasks/uc-004-implement-login-endpoint.md,"type: task,area: api,area: accounts,priority: high,phase: mvp","M2: Accounts, Friends, and Notifications",[UC-004] Log In,UC-004,Task,Accounts,High,MVP
Build login UI,issue_bodies/tasks/uc-004-build-login-ui.md,"type: task,area: ui,area: accounts,priority: high,phase: mvp","M2: Accounts, Friends, and Notifications",[UC-004] Log In,UC-004,Task,Accounts,High,MVP
Add authenticated route guard,issue_bodies/tasks/uc-004-add-authenticated-route-guard.md,"type: task,area: ui,area: accounts,priority: high,phase: mvp","M2: Accounts, Friends, and Notifications",[UC-004] Log In,UC-004,Task,Accounts,High,MVP
[UC-006] Manage User Account,issue_bodies/epics/uc-006-manage-user-account.md,"type: epic,area: accounts,priority: medium,phase: mvp","M2: Accounts, Friends, and Notifications",,UC-006,Epic,Accounts,Medium,MVP
Implement current-user endpoints,issue_bodies/tasks/uc-006-implement-current-user-endpoints.md,"type: task,area: api,area: accounts,priority: medium,phase: mvp","M2: Accounts, Friends, and Notifications",[UC-006] Manage User Account,UC-006,Task,Accounts,Medium,MVP
Build profile settings UI,issue_bodies/tasks/uc-006-build-profile-settings-ui.md,"type: task,area: ui,area: accounts,priority: medium,phase: mvp","M2: Accounts, Friends, and Notifications",[UC-006] Manage User Account,UC-006,Task,Accounts,Medium,MVP
[UC-007] Add and Manage Friends,issue_bodies/epics/uc-007-add-and-manage-friends.md,"type: epic,area: friends,priority: high,phase: mvp","M2: Accounts, Friends, and Notifications",,UC-007,Epic,Friends,High,MVP
Create friendship tables/models,issue_bodies/tasks/uc-007-create-friendship-tables-models.md,"type: task,area: database,area: friends,priority: high,phase: mvp","M2: Accounts, Friends, and Notifications",[UC-007] Add and Manage Friends,UC-007,Task,Friends,High,MVP
Implement friend request endpoints,issue_bodies/tasks/uc-007-implement-friend-request-endpoints.md,"type: task,area: api,area: friends,priority: high,phase: mvp","M2: Accounts, Friends, and Notifications",[UC-007] Add and Manage Friends,UC-007,Task,Friends,High,MVP
Build friends UI,issue_bodies/tasks/uc-007-build-friends-ui.md,"type: task,area: ui,area: friends,priority: high,phase: mvp","M2: Accounts, Friends, and Notifications",[UC-007] Add and Manage Friends,UC-007,Task,Friends,High,MVP
[UC-008] View and Manage Notifications,issue_bodies/epics/uc-008-view-and-manage-notifications.md,"type: epic,area: notifications,priority: high,phase: mvp","M2: Accounts, Friends, and Notifications",,UC-008,Epic,Notifications,High,MVP
Create notifications table/model,issue_bodies/tasks/uc-008-create-notifications-table-model.md,"type: task,area: database,area: notifications,priority: high,phase: mvp","M2: Accounts, Friends, and Notifications",[UC-008] View and Manage Notifications,UC-008,Task,Notifications,High,MVP
Implement notification endpoints,issue_bodies/tasks/uc-008-implement-notification-endpoints.md,"type: task,area: api,area: notifications,priority: high,phase: mvp","M2: Accounts, Friends, and Notifications",[UC-008] View and Manage Notifications,UC-008,Task,Notifications,High,MVP
Build notification UI,issue_bodies/tasks/uc-008-build-notification-ui.md,"type: task,area: ui,area: notifications,priority: medium,phase: mvp","M2: Accounts, Friends, and Notifications",[UC-008] View and Manage Notifications,UC-008,Task,Notifications,High,MVP
[UC-009] Create Force,issue_bodies/epics/uc-009-create-force.md,"type: epic,area: forces,priority: high,phase: mvp",M3: Unit Catalog and Force Management,,UC-009,Epic,Forces,High,MVP
Create force tables/models,issue_bodies/tasks/uc-009-create-force-tables-models.md,"type: task,area: database,area: forces,priority: high,phase: mvp",M3: Unit Catalog and Force Management,[UC-009] Create Force,UC-009,Task,Forces,High,MVP
Implement create force endpoint,issue_bodies/tasks/uc-009-implement-create-force-endpoint.md,"type: task,area: api,area: forces,priority: high,phase: mvp",M3: Unit Catalog and Force Management,[UC-009] Create Force,UC-009,Task,Forces,High,MVP
Build create force UI,issue_bodies/tasks/uc-009-build-create-force-ui.md,"type: task,area: ui,area: forces,priority: high,phase: mvp",M3: Unit Catalog and Force Management,[UC-009] Create Force,UC-009,Task,Forces,High,MVP
[UC-010] Add Units to Force,issue_bodies/epics/uc-010-add-units-to-force.md,"type: epic,area: forces,priority: high,phase: mvp",M3: Unit Catalog and Force Management,,UC-010,Epic,Forces,High,MVP
Create base unit catalog model,issue_bodies/tasks/uc-010-create-base-unit-catalog-model.md,"type: task,area: database,area: units,priority: high,phase: mvp",M3: Unit Catalog and Force Management,[UC-010] Add Units to Force,UC-010,Task,Forces,High,MVP
Implement unit catalog search endpoint,issue_bodies/tasks/uc-010-implement-unit-catalog-search-endpoint.md,"type: task,area: api,area: units,priority: high,phase: mvp",M3: Unit Catalog and Force Management,[UC-010] Add Units to Force,UC-010,Task,Forces,High,MVP
Implement add unit to force endpoint,issue_bodies/tasks/uc-010-implement-add-unit-to-force-endpoint.md,"type: task,area: api,area: forces,priority: high,phase: mvp",M3: Unit Catalog and Force Management,[UC-010] Add Units to Force,UC-010,Task,Forces,High,MVP
Build unit browser for force creation,issue_bodies/tasks/uc-010-build-unit-browser-for-force-creation.md,"type: task,area: ui,area: forces,priority: high,phase: mvp",M3: Unit Catalog and Force Management,[UC-010] Add Units to Force,UC-010,Task,Forces,High,MVP
[UC-012] Manage Existing Force,issue_bodies/epics/uc-012-manage-existing-force.md,"type: epic,area: forces,priority: high,phase: mvp",M3: Unit Catalog and Force Management,,UC-012,Epic,Forces,High,MVP
Implement force list/detail endpoints,issue_bodies/tasks/uc-012-implement-force-list-detail-endpoints.md,"type: task,area: api,area: forces,priority: high,phase: mvp",M3: Unit Catalog and Force Management,[UC-012] Manage Existing Force,UC-012,Task,Forces,High,MVP
Implement update/archive/delete force endpoints,issue_bodies/tasks/uc-012-implement-update-archive-delete-force-endpoints.md,"type: task,area: api,area: forces,priority: medium,phase: mvp",M3: Unit Catalog and Force Management,[UC-012] Manage Existing Force,UC-012,Task,Forces,High,MVP
Build force management UI,issue_bodies/tasks/uc-012-build-force-management-ui.md,"type: task,area: ui,area: forces,priority: high,phase: mvp",M3: Unit Catalog and Force Management,[UC-012] Manage Existing Force,UC-012,Task,Forces,High,MVP
[UC-013] Create Campaign,issue_bodies/epics/uc-013-create-campaign.md,"type: epic,area: campaigns,priority: high,phase: mvp",M4: Campaign Setup and Campaign-Specific Forces,,UC-013,Epic,Campaigns,High,MVP
Create campaign tables/models,issue_bodies/tasks/uc-013-create-campaign-tables-models.md,"type: task,area: database,area: campaigns,priority: high,phase: mvp",M4: Campaign Setup and Campaign-Specific Forces,[UC-013] Create Campaign,UC-013,Task,Campaigns,High,MVP
Implement create campaign endpoint,issue_bodies/tasks/uc-013-implement-create-campaign-endpoint.md,"type: task,area: api,area: campaigns,priority: high,phase: mvp",M4: Campaign Setup and Campaign-Specific Forces,[UC-013] Create Campaign,UC-013,Task,Campaigns,High,MVP
Implement campaign-specific force copy,issue_bodies/tasks/uc-013-implement-campaign-specific-force-copy.md,"type: task,area: api,area: campaigns,area: forces,priority: high,phase: mvp",M4: Campaign Setup and Campaign-Specific Forces,[UC-013] Create Campaign,UC-013,Task,Campaigns,High,MVP
Build campaign creation UI,issue_bodies/tasks/uc-013-build-campaign-creation-ui.md,"type: task,area: ui,area: campaigns,priority: high,phase: mvp",M4: Campaign Setup and Campaign-Specific Forces,[UC-013] Create Campaign,UC-013,Task,Campaigns,High,MVP
[UC-014] Invite Friends to Campaign,issue_bodies/epics/uc-014-invite-friends-to-campaign.md,"type: epic,area: campaigns,priority: high,phase: mvp",M4: Campaign Setup and Campaign-Specific Forces,,UC-014,Epic,Campaigns,High,MVP
Create campaign invitation model,issue_bodies/tasks/uc-014-create-campaign-invitation-model.md,"type: task,area: database,area: campaigns,priority: high,phase: mvp",M4: Campaign Setup and Campaign-Specific Forces,[UC-014] Invite Friends to Campaign,UC-014,Task,Campaigns,High,MVP
Implement campaign invitation endpoints,issue_bodies/tasks/uc-014-implement-campaign-invitation-endpoints.md,"type: task,area: api,area: campaigns,priority: high,phase: mvp",M4: Campaign Setup and Campaign-Specific Forces,[UC-014] Invite Friends to Campaign,UC-014,Task,Campaigns,High,MVP
Build campaign invite UI,issue_bodies/tasks/uc-014-build-campaign-invite-ui.md,"type: task,area: ui,area: campaigns,priority: medium,phase: mvp",M4: Campaign Setup and Campaign-Specific Forces,[UC-014] Invite Friends to Campaign,UC-014,Task,Campaigns,High,MVP
[UC-015] Join Campaign,issue_bodies/epics/uc-015-join-campaign.md,"type: epic,area: campaigns,priority: high,phase: mvp",M4: Campaign Setup and Campaign-Specific Forces,,UC-015,Epic,Campaigns,High,MVP
Implement invitation response endpoint,issue_bodies/tasks/uc-015-implement-invitation-response-endpoint.md,"type: task,area: api,area: campaigns,priority: high,phase: mvp",M4: Campaign Setup and Campaign-Specific Forces,[UC-015] Join Campaign,UC-015,Task,Campaigns,High,MVP
Build join campaign UI,issue_bodies/tasks/uc-015-build-join-campaign-ui.md,"type: task,area: ui,area: campaigns,priority: high,phase: mvp",M4: Campaign Setup and Campaign-Specific Forces,[UC-015] Join Campaign,UC-015,Task,Campaigns,High,MVP
[UC-016] View Campaign Dashboard,issue_bodies/epics/uc-016-view-campaign-dashboard.md,"type: epic,area: campaigns,priority: high,phase: mvp",M4: Campaign Setup and Campaign-Specific Forces,,UC-016,Epic,Campaigns,High,MVP
Implement campaign dashboard endpoint,issue_bodies/tasks/uc-016-implement-campaign-dashboard-endpoint.md,"type: task,area: api,area: campaigns,priority: high,phase: mvp",M4: Campaign Setup and Campaign-Specific Forces,[UC-016] View Campaign Dashboard,UC-016,Task,Campaigns,High,MVP
Build campaign dashboard UI,issue_bodies/tasks/uc-016-build-campaign-dashboard-ui.md,"type: task,area: ui,area: campaigns,priority: high,phase: mvp",M4: Campaign Setup and Campaign-Specific Forces,[UC-016] View Campaign Dashboard,UC-016,Task,Campaigns,High,MVP
Implement campaign start/finalize actions,issue_bodies/tasks/uc-016-implement-campaign-start-finalize-actions.md,"type: task,area: api,area: ui,area: campaigns,priority: high,phase: mvp",M4: Campaign Setup and Campaign-Specific Forces,[UC-016] View Campaign Dashboard,UC-016,Task,Campaigns,High,MVP
[UC-017] View Campaign Forces and Units,issue_bodies/epics/uc-017-view-campaign-forces-and-units.md,"type: epic,area: campaigns,priority: high,phase: mvp",M4: Campaign Setup and Campaign-Specific Forces,,UC-017,Epic,Campaigns,High,MVP
Implement campaign forces endpoints,issue_bodies/tasks/uc-017-implement-campaign-forces-endpoints.md,"type: task,area: api,area: campaigns,area: forces,priority: high,phase: mvp",M4: Campaign Setup and Campaign-Specific Forces,[UC-017] View Campaign Forces and Units,UC-017,Task,Campaigns,High,MVP
Implement campaign unit detail endpoint,issue_bodies/tasks/uc-017-implement-campaign-unit-detail-endpoint.md,"type: task,area: api,area: campaigns,area: units,priority: medium,phase: mvp",M4: Campaign Setup and Campaign-Specific Forces,[UC-017] View Campaign Forces and Units,UC-017,Task,Campaigns,High,MVP
Build campaign forces UI,issue_bodies/tasks/uc-017-build-campaign-forces-ui.md,"type: task,area: ui,area: campaigns,area: forces,priority: high,phase: mvp",M4: Campaign Setup and Campaign-Specific Forces,[UC-017] View Campaign Forces and Units,UC-017,Task,Campaigns,High,MVP
[UC-019] Log Battle,issue_bodies/epics/uc-019-log-battle.md,"type: epic,area: battles,priority: high,phase: mvp",M5: Battle Logging and Confirmation,,UC-019,Epic,Battles,High,MVP
Create battle tables/models,issue_bodies/tasks/uc-019-create-battle-tables-models.md,"type: task,area: database,area: battles,priority: high,phase: mvp",M5: Battle Logging and Confirmation,[UC-019] Log Battle,UC-019,Task,Battles,High,MVP
Implement create battle endpoint,issue_bodies/tasks/uc-019-implement-create-battle-endpoint.md,"type: task,area: api,area: battles,priority: high,phase: mvp",M5: Battle Logging and Confirmation,[UC-019] Log Battle,UC-019,Task,Battles,High,MVP
Implement submit battle result endpoint,issue_bodies/tasks/uc-019-implement-submit-battle-result-endpoint.md,"type: task,area: api,area: battles,priority: high,phase: mvp",M5: Battle Logging and Confirmation,[UC-019] Log Battle,UC-019,Task,Battles,High,MVP
Build battle logging UI,issue_bodies/tasks/uc-019-build-battle-logging-ui.md,"type: task,area: ui,area: battles,priority: high,phase: mvp",M5: Battle Logging and Confirmation,[UC-019] Log Battle,UC-019,Task,Battles,High,MVP
[UC-020] Confirm or Dispute Battle Result,issue_bodies/epics/uc-020-confirm-or-dispute-battle-result.md,"type: epic,area: battles,priority: high,phase: mvp",M5: Battle Logging and Confirmation,,UC-020,Epic,Battles,High,MVP
Implement confirm battle endpoint,issue_bodies/tasks/uc-020-implement-confirm-battle-endpoint.md,"type: task,area: api,area: battles,priority: high,phase: mvp",M5: Battle Logging and Confirmation,[UC-020] Confirm or Dispute Battle Result,UC-020,Task,Battles,High,MVP
Implement dispute battle endpoint,issue_bodies/tasks/uc-020-implement-dispute-battle-endpoint.md,"type: task,area: api,area: battles,priority: high,phase: mvp",M5: Battle Logging and Confirmation,[UC-020] Confirm or Dispute Battle Result,UC-020,Task,Battles,High,MVP
Build battle confirmation UI,issue_bodies/tasks/uc-020-build-battle-confirmation-ui.md,"type: task,area: ui,area: battles,priority: high,phase: mvp",M5: Battle Logging and Confirmation,[UC-020] Confirm or Dispute Battle Result,UC-020,Task,Battles,High,MVP
[UC-021] View Battle History,issue_bodies/epics/uc-021-view-battle-history.md,"type: epic,area: battles,priority: medium,phase: mvp",M5: Battle Logging and Confirmation,,UC-021,Epic,Battles,Medium,MVP
Implement battle history endpoints,issue_bodies/tasks/uc-021-implement-battle-history-endpoints.md,"type: task,area: api,area: battles,priority: medium,phase: mvp",M5: Battle Logging and Confirmation,[UC-021] View Battle History,UC-021,Task,Battles,Medium,MVP
Build battle history UI,issue_bodies/tasks/uc-021-build-battle-history-ui.md,"type: task,area: ui,area: battles,priority: medium,phase: mvp",M5: Battle Logging and Confirmation,[UC-021] View Battle History,UC-021,Task,Battles,Medium,MVP
[UC-024] Configure Campaign Rules,issue_bodies/epics/uc-024-configure-campaign-rules.md,"type: epic,area: campaigns,priority: high,phase: mvp",M4: Campaign Setup and Campaign-Specific Forces,,UC-024,Epic,Campaigns,High,MVP
Define campaign settings validation rules,issue_bodies/tasks/uc-024-define-campaign-settings-validation-rules.md,"type: task,area: api,area: campaigns,priority: high,phase: mvp",M4: Campaign Setup and Campaign-Specific Forces,[UC-024] Configure Campaign Rules,UC-024,Task,Campaigns,High,MVP
Build campaign settings form sections,issue_bodies/tasks/uc-024-build-campaign-settings-form-sections.md,"type: task,area: ui,area: campaigns,priority: high,phase: mvp",M4: Campaign Setup and Campaign-Specific Forces,[UC-024] Configure Campaign Rules,UC-024,Task,Campaigns,High,MVP
[UC-025] Configure Campaign Objectives,issue_bodies/epics/uc-025-configure-campaign-objectives.md,"type: epic,area: objectives,priority: high,phase: mvp","M6: Objectives, Control, and Chaos Campaign MVP",,UC-025,Epic,Objectives,High,MVP
Create objective tables/models,issue_bodies/tasks/uc-025-create-objective-tables-models.md,"type: task,area: database,area: objectives,priority: high,phase: mvp","M6: Objectives, Control, and Chaos Campaign MVP",[UC-025] Configure Campaign Objectives,UC-025,Task,Objectives,High,MVP
Implement objective CRUD endpoints,issue_bodies/tasks/uc-025-implement-objective-crud-endpoints.md,"type: task,area: api,area: objectives,priority: high,phase: mvp","M6: Objectives, Control, and Chaos Campaign MVP",[UC-025] Configure Campaign Objectives,UC-025,Task,Objectives,High,MVP
Build objective configuration UI,issue_bodies/tasks/uc-025-build-objective-configuration-ui.md,"type: task,area: ui,area: objectives,priority: high,phase: mvp","M6: Objectives, Control, and Chaos Campaign MVP",[UC-025] Configure Campaign Objectives,UC-025,Task,Objectives,High,MVP
[UC-026] View and Manage Objective Control,issue_bodies/epics/uc-026-view-and-manage-objective-control.md,"type: epic,area: objectives,priority: high,phase: mvp","M6: Objectives, Control, and Chaos Campaign MVP",,UC-026,Epic,Objectives,High,MVP
Implement objective control endpoints,issue_bodies/tasks/uc-026-implement-objective-control-endpoints.md,"type: task,area: api,area: objectives,priority: high,phase: mvp","M6: Objectives, Control, and Chaos Campaign MVP",[UC-026] View and Manage Objective Control,UC-026,Task,Objectives,High,MVP
Build objective control UI,issue_bodies/tasks/uc-026-build-objective-control-ui.md,"type: task,area: ui,area: objectives,priority: high,phase: mvp","M6: Objectives, Control, and Chaos Campaign MVP",[UC-026] View and Manage Objective Control,UC-026,Task,Objectives,High,MVP
[UC-027] Resolve Objective Control After Battle,issue_bodies/epics/uc-027-resolve-objective-control-after-battle.md,"type: epic,area: objectives,priority: high,phase: mvp","M6: Objectives, Control, and Chaos Campaign MVP",,UC-027,Epic,Objectives,High,MVP
Implement binary objective control resolver,issue_bodies/tasks/uc-027-implement-binary-objective-control-resolver.md,"type: task,area: api,area: objectives,priority: high,phase: mvp","M6: Objectives, Control, and Chaos Campaign MVP",[UC-027] Resolve Objective Control After Battle,UC-027,Task,Objectives,High,MVP
Implement percentage control resolver,issue_bodies/tasks/uc-027-implement-percentage-control-resolver.md,"type: task,area: api,area: objectives,priority: high,phase: mvp","M6: Objectives, Control, and Chaos Campaign MVP",[UC-027] Resolve Objective Control After Battle,UC-027,Task,Objectives,High,MVP
Record objective control history,issue_bodies/tasks/uc-027-record-objective-control-history.md,"type: task,area: database,area: objectives,priority: medium,phase: mvp","M6: Objectives, Control, and Chaos Campaign MVP",[UC-027] Resolve Objective Control After Battle,UC-027,Task,Objectives,High,MVP
[UC-028] Run Chaos Campaign Cycle,issue_bodies/epics/uc-028-run-chaos-campaign-cycle.md,"type: epic,area: campaigns,priority: high,phase: mvp","M6: Objectives, Control, and Chaos Campaign MVP",,UC-028,Epic,Campaigns,High,MVP
Implement Chaos campaign defaults,issue_bodies/tasks/uc-028-implement-chaos-campaign-defaults.md,"type: task,area: api,area: campaigns,area: resources,priority: high,phase: mvp","M6: Objectives, Control, and Chaos Campaign MVP",[UC-028] Run Chaos Campaign Cycle,UC-028,Task,Campaigns,High,MVP
Implement Warchest resource accounts,issue_bodies/tasks/uc-028-implement-warchest-resource-accounts.md,"type: task,area: database,area: resources,priority: high,phase: mvp","M6: Objectives, Control, and Chaos Campaign MVP",[UC-028] Run Chaos Campaign Cycle,UC-028,Task,Campaigns,High,MVP
Build Chaos post-battle management UI,issue_bodies/tasks/uc-028-build-chaos-post-battle-management-ui.md,"type: task,area: ui,area: resources,priority: high,phase: mvp","M6: Objectives, Control, and Chaos Campaign MVP",[UC-028] Run Chaos Campaign Cycle,UC-028,Task,Campaigns,High,MVP
[UC-029] Run Advanced Campaign Turn,issue_bodies/epics/uc-029-run-advanced-campaign-turn.md,"type: epic,area: resources,priority: high,phase: v1",M7: Advanced Campaign Resources and Repairs,,UC-029,Epic,Resources,High,V1
Implement Advanced turn tracking,issue_bodies/tasks/uc-029-implement-advanced-turn-tracking.md,"type: task,area: api,area: campaigns,priority: high,phase: v1",M7: Advanced Campaign Resources and Repairs,[UC-029] Run Advanced Campaign Turn,UC-029,Task,Resources,High,V1
Implement c-bill resource accounts,issue_bodies/tasks/uc-029-implement-c-bill-resource-accounts.md,"type: task,area: database,area: resources,priority: high,phase: v1",M7: Advanced Campaign Resources and Repairs,[UC-029] Run Advanced Campaign Turn,UC-029,Task,Resources,High,V1
Build Advanced turn management UI,issue_bodies/tasks/uc-029-build-advanced-turn-management-ui.md,"type: task,area: ui,area: resources,priority: high,phase: v1",M7: Advanced Campaign Resources and Repairs,[UC-029] Run Advanced Campaign Turn,UC-029,Task,Resources,High,V1
"[UC-033] Manage Repair, Rearmament, and Requisition",issue_bodies/epics/uc-033-manage-repair-rearmament-and-requisition.md,"type: epic,area: repairs,priority: high,phase: v1",M7: Advanced Campaign Resources and Repairs,,UC-033,Epic,Repairs,High,V1
Create repair and requisition tables/models,issue_bodies/tasks/uc-033-create-repair-and-requisition-tables-models.md,"type: task,area: database,area: repairs,priority: high,phase: v1",M7: Advanced Campaign Resources and Repairs,"[UC-033] Manage Repair, Rearmament, and Requisition",UC-033,Task,Repairs,High,V1
Implement repair order endpoints,issue_bodies/tasks/uc-033-implement-repair-order-endpoints.md,"type: task,area: api,area: repairs,priority: high,phase: v1",M7: Advanced Campaign Resources and Repairs,"[UC-033] Manage Repair, Rearmament, and Requisition",UC-033,Task,Repairs,High,V1
Implement requisition endpoints,issue_bodies/tasks/uc-033-implement-requisition-endpoints.md,"type: task,area: api,area: repairs,priority: medium,phase: v1",M7: Advanced Campaign Resources and Repairs,"[UC-033] Manage Repair, Rearmament, and Requisition",UC-033,Task,Repairs,High,V1
Build repair and requisition UI,issue_bodies/tasks/uc-033-build-repair-and-requisition-ui.md,"type: task,area: ui,area: repairs,priority: high,phase: v1",M7: Advanced Campaign Resources and Repairs,"[UC-033] Manage Repair, Rearmament, and Requisition",UC-033,Task,Repairs,High,V1
[UC-030] Set Up Conquest Campaign Map,issue_bodies/epics/uc-030-set-up-conquest-campaign-map.md,"type: epic,area: conquest,priority: high,phase: stretch",M8: Conquest Campaign Map and Orders,,UC-030,Epic,Conquest,High,STRETCH
Create Conquest map tables/models,issue_bodies/tasks/uc-030-create-conquest-map-tables-models.md,"type: task,area: database,area: conquest,priority: high,phase: stretch",M8: Conquest Campaign Map and Orders,[UC-030] Set Up Conquest Campaign Map,UC-030,Task,Conquest,High,STRETCH
Implement Conquest map endpoints,issue_bodies/tasks/uc-030-implement-conquest-map-endpoints.md,"type: task,area: api,area: conquest,priority: high,phase: stretch",M8: Conquest Campaign Map and Orders,[UC-030] Set Up Conquest Campaign Map,UC-030,Task,Conquest,High,STRETCH
Build Conquest map setup UI,issue_bodies/tasks/uc-030-build-conquest-map-setup-ui.md,"type: task,area: ui,area: conquest,priority: high,phase: stretch",M8: Conquest Campaign Map and Orders,[UC-030] Set Up Conquest Campaign Map,UC-030,Task,Conquest,High,STRETCH
[UC-031] Assign Conquest Combat Team Orders,issue_bodies/epics/uc-031-assign-conquest-combat-team-orders.md,"type: epic,area: conquest,priority: high,phase: stretch",M8: Conquest Campaign Map and Orders,,UC-031,Epic,Conquest,High,STRETCH
Create combat team tables/models,issue_bodies/tasks/uc-031-create-combat-team-tables-models.md,"type: task,area: database,area: conquest,priority: high,phase: stretch",M8: Conquest Campaign Map and Orders,[UC-031] Assign Conquest Combat Team Orders,UC-031,Task,Conquest,High,STRETCH
Implement combat team endpoints,issue_bodies/tasks/uc-031-implement-combat-team-endpoints.md,"type: task,area: api,area: conquest,priority: high,phase: stretch",M8: Conquest Campaign Map and Orders,[UC-031] Assign Conquest Combat Team Orders,UC-031,Task,Conquest,High,STRETCH
Implement Conquest order assignment endpoints,issue_bodies/tasks/uc-031-implement-conquest-order-assignment-endpoints.md,"type: task,area: api,area: conquest,priority: high,phase: stretch",M8: Conquest Campaign Map and Orders,[UC-031] Assign Conquest Combat Team Orders,UC-031,Task,Conquest,High,STRETCH
Build Conquest order UI,issue_bodies/tasks/uc-031-build-conquest-order-ui.md,"type: task,area: ui,area: conquest,priority: high,phase: stretch",M8: Conquest Campaign Map and Orders,[UC-031] Assign Conquest Combat Team Orders,UC-031,Task,Conquest,High,STRETCH
[UC-032] Resolve Conquest Turn,issue_bodies/epics/uc-032-resolve-conquest-turn.md,"type: epic,area: conquest,priority: high,phase: stretch",M8: Conquest Campaign Map and Orders,,UC-032,Epic,Conquest,High,STRETCH
Create Conquest turn/order result models,issue_bodies/tasks/uc-032-create-conquest-turn-order-result-models.md,"type: task,area: database,area: conquest,priority: high,phase: stretch",M8: Conquest Campaign Map and Orders,[UC-032] Resolve Conquest Turn,UC-032,Task,Conquest,High,STRETCH
Implement Conquest turn resolution service,issue_bodies/tasks/uc-032-implement-conquest-turn-resolution-service.md,"type: task,area: api,area: conquest,priority: high,phase: stretch",M8: Conquest Campaign Map and Orders,[UC-032] Resolve Conquest Turn,UC-032,Task,Conquest,High,STRETCH
Implement auto-created battle records,issue_bodies/tasks/uc-032-implement-auto-created-battle-records.md,"type: task,area: api,area: conquest,area: battles,priority: high,phase: stretch",M8: Conquest Campaign Map and Orders,[UC-032] Resolve Conquest Turn,UC-032,Task,Conquest,High,STRETCH
Build Conquest turn summary UI,issue_bodies/tasks/uc-032-build-conquest-turn-summary-ui.md,"type: task,area: ui,area: conquest,priority: medium,phase: stretch",M8: Conquest Campaign Map and Orders,[UC-032] Resolve Conquest Turn,UC-032,Task,Conquest,High,STRETCH
[UC-034] Manage Auxiliary Forces,issue_bodies/epics/uc-034-manage-auxiliary-forces.md,"type: epic,area: conquest,priority: low,phase: stretch",M8: Conquest Campaign Map and Orders,,UC-034,Epic,Conquest,Low,STRETCH
Define auxiliary force eligibility rules,issue_bodies/tasks/uc-034-define-auxiliary-force-eligibility-rules.md,"type: research,area: conquest,priority: low,phase: stretch",M8: Conquest Campaign Map and Orders,[UC-034] Manage Auxiliary Forces,UC-034,Task,Conquest,Low,STRETCH
Implement auxiliary force endpoint,issue_bodies/tasks/uc-034-implement-auxiliary-force-endpoint.md,"type: task,area: api,area: conquest,priority: low,phase: stretch",M8: Conquest Campaign Map and Orders,[UC-034] Manage Auxiliary Forces,UC-034,Task,Conquest,Low,STRETCH
Build auxiliary force selection UI,issue_bodies/tasks/uc-034-build-auxiliary-force-selection-ui.md,"type: task,area: ui,area: conquest,priority: low,phase: stretch",M8: Conquest Campaign Map and Orders,[UC-034] Manage Auxiliary Forces,UC-034,Task,Conquest,Low,STRETCH
[UC-035] Manage Admin Rule Constants,issue_bodies/epics/uc-035-manage-admin-rule-constants.md,"type: epic,area: api,priority: low,phase: stretch","M9: Leaderboards, Polish, and Final Release",,UC-035,Epic,Api,Low,STRETCH
Create rule constants model,issue_bodies/tasks/uc-035-create-rule-constants-model.md,"type: task,area: database,area: api,priority: low,phase: stretch","M9: Leaderboards, Polish, and Final Release",[UC-035] Manage Admin Rule Constants,UC-035,Task,Api,Low,STRETCH
Implement admin rule constant endpoints,issue_bodies/tasks/uc-035-implement-admin-rule-constant-endpoints.md,"type: task,area: api,priority: low,phase: stretch","M9: Leaderboards, Polish, and Final Release",[UC-035] Manage Admin Rule Constants,UC-035,Task,Api,Low,STRETCH
Build admin constants UI,issue_bodies/tasks/uc-035-build-admin-constants-ui.md,"type: task,area: ui,priority: low,phase: stretch","M9: Leaderboards, Polish, and Final Release",[UC-035] Manage Admin Rule Constants,UC-035,Task,Api,Low,STRETCH
Maintain Project Documentation,issue_bodies/epics/maintain-project-documentation.md,"type: epic,area: docs,priority: high,phase: mvp",M1: Project Foundation and Documentation,,DOC,Epic,Docs,High,MVP
Add SRS to repository docs,issue_bodies/tasks/doc-add-srs-to-repository-docs.md,"type: documentation,area: docs,priority: high,phase: mvp",M1: Project Foundation and Documentation,Maintain Project Documentation,DOC,Task,Docs,High,MVP
Add gameplay manual to repository docs,issue_bodies/tasks/doc-add-gameplay-manual-to-repository-docs.md,"type: documentation,area: docs,priority: high,phase: mvp",M1: Project Foundation and Documentation,Maintain Project Documentation,DOC,Task,Docs,High,MVP
Add use cases to repository docs,issue_bodies/tasks/doc-add-use-cases-to-repository-docs.md,"type: documentation,area: docs,priority: high,phase: mvp",M1: Project Foundation and Documentation,Maintain Project Documentation,DOC,Task,Docs,High,MVP
Add database design to repository docs,issue_bodies/tasks/doc-add-database-design-to-repository-docs.md,"type: documentation,area: docs,area: database,priority: high,phase: mvp",M1: Project Foundation and Documentation,Maintain Project Documentation,DOC,Task,Docs,High,MVP
Add API endpoint plan to repository docs,issue_bodies/tasks/doc-add-api-endpoint-plan-to-repository-docs.md,"type: documentation,area: docs,area: api,priority: high,phase: mvp",M1: Project Foundation and Documentation,Maintain Project Documentation,DOC,Task,Docs,High,MVP
